original_username,anonymized_id
"
ESBI- OneNine❤️🍓🌽🌭🐥",user_00001
"
Oleh Nikolenko 🇺🇦🇨🇦",user_00002
"#DRFOG
",user_00003
#RIPDiogoJota #Retire20 🇺🇦 #OrebroStrong,user_00004
#Tarot Kat #USA,user_00005
#hongkong,user_00006
#japan,user_00007
#ml,user_00008
(Fan)Vision,user_00009
+972 Magazine,user_00010
.⋆໕꒱,user_00011
00.yin.38🇭🇰,user_00012
"00.yin.38🇭🇰
",user_00013
0lush0la,user_00014
0ptical #FreePalestine🇵🇸,user_00015
100 Thieves VALORANT,user_00016
100% Biodegradabile®,user_00017
100T_VAL,user_00018
100_alpha,user_00019
100xcentoBio,user_00020
10DowningStreet,user_00021
14ymedio,user_00022
1800factsmatter,user_00023
1Nicdar,user_00024
2 Cor 6 8 🔛🔑 SIGMAMALE DANKMEMES,user_00025
22,user_00026
22cc__,user_00027
358ちゃん,user_00028
38 North,user_00029
38NorthNK,user_00030
3939_c5,user_00031
420GHz,user_00032
"5:00 PM · Feb 12, 2024",user_00033
5Pillars,user_00034
5Pillarsuk,user_00035
80 LEVEL,user_00036
80Level,user_00037
972mag,user_00038
99a19__,user_00039
@Chicago1Ray 🇺🇸,user_00040
@DonkTrading,user_00041
@EASPORTSFCPro,user_00042
@FGZNews,user_00043
@FIFA22_INFO,user_00044
@FUTWIZ,user_00045
@FutSheriff,user_00046
@JSRC,user_00047
@JaredPolitics3,user_00048
@PauloAlex0330,user_00049
@TheTeamGullit,user_00050
@bateson87,user_00051
@rblzgaming,user_00052
A DIARIO,user_00053
"A DIARIO
",user_00054
A Forced Melon Is Not Sweet,user_00055
A LaLiga Fan,user_00056
A Man Of Memes,user_00057
A'TIN GL✪BAL S✪CIETY ✵,user_00058
A'TIN QATAR Official 🇶🇦,user_00059
A'tin Sultan Kudarat,user_00060
A.,user_00061
AAG_th,user_00062
ACE 🍓,user_00063
ACS_Games,user_00064
AES Alerte,user_00065
AFP,user_00066
AFP News Agency,user_00067
AFS Forum,user_00068
AI/ML API,user_00069
AIPAC Tracker,user_00070
AIR News Guwahati,user_00071
AKASHVANI NEWS RAJASTHAN,user_00072
ALeaument,user_00073
AMAKA,user_00074
AMORANT @ VCT PARIS,user_00075
AMORANT {Demo Playable Now!},user_00076
AMORANTOfficial,user_00077
ANDRO,user_00078
ANI Digital,user_00079
ANIABELLO_R,user_00080
APKZOZO,user_00081
ASE,user_00082
ASNA / sitne,user_00083
ASSADEK,user_00084
ASSADEK AG HAMAHADY,user_00085
ASY FUT,user_00086
AShinumura,user_00087
AStramezzi,user_00088
ATINGlobalSoc,user_00089
ATIN_san_18,user_00090
AUThackeray,user_00091
A_Laliga_Fan,user_00092
Aaditya Thackeray,user_00093
Aaditya Yadav,user_00094
AbdoulayeDiop8,user_00095
Abel Cartaya 𝕏,user_00096
AbelCartaya,user_00097
Abier,user_00098
AbroadInJapan,user_00099
Abu Asim Azmi,user_00100
Ace,user_00101
Ace Arena Official,user_00102
Achal Negi (Dronebaba),user_00103
Adam,user_00104
AdamYamada,user_00105
Adekunle Olopade,user_00106
Aditya Raj Kaul,user_00107
AdityaRajKaul,user_00108
Aesalerte,user_00109
AgRedouwane,user_00110
Ahmed Eldin | احمد الدين,user_00111
Aileen Villanueva,user_00112
Aishwarya Nevrekar,user_00113
Ajay Kohli,user_00114
Ajit Pawar,user_00115
AjitPawarSpeaks,user_00116
Akashvani News Jammu,user_00117
Akshay Arora,user_00118
Albert Fonse 💪🇨🇦🇨🇺,user_00119
Albert Nutifafa Dovlo,user_00120
Alejandro Saucedo | KubeCon 2025 AI Day Keynote,user_00121
Alessandro Meluzzi☦️🇮🇹,user_00122
Alex,user_00123
Alex Ferretti,user_00124
Alex J. Champandard 🍂,user_00125
Alex kelly,user_00126
Alfio Krancic,user_00127
AlfioKrancic,user_00128
Alien sa Saudi🛸👽⚡,user_00129
Alis Anticomunista,user_00130
All India Radio News,user_00131
Alpha100,user_00132
AltabeStudio,user_00133
Altcoin Daily,user_00134
AltcoinDaily,user_00135
Alvin Foo,user_00136
Amanda Bernardo,user_00137
Amanda Goetz,user_00138
AmandaBernardo,user_00139
AmandaMGoetz,user_00140
Amazing Yunnan,user_00141
AmazingDouglass,user_00142
Amazing_Yunnan,user_00143
Amb. Abdoulaye Diop,user_00144
AmbCaiRun,user_00145
AmbFangQiu,user_00146
AmbLiuXiaoMing,user_00147
AmbQinGang,user_00148
Ambassade de Chine au Tchad,user_00149
Ambassade de Chine en France,user_00150
AmbassadeChine,user_00151
Ambassador Hou Yanqi,user_00152
Amethysa @ new collection!,user_00153
Amnesty Eastern Europe & Central Asia,user_00154
AmnestyEECA,user_00155
Analyst,user_00156
AnderzzTV,user_00157
Andrea Lucidi,user_00158
Andrea M. G. G. Stramezzi MD PhD DDS,user_00159
Andrea Zambrano,user_00160
AndreaLucidi,user_00161
Andrew Akhiezer,user_00162
Andrew Ng,user_00163
AndrewYNg,user_00164
Andy Boreham 安柏然,user_00165
Andy Young,user_00166
AndyBxxx,user_00167
AndyYoungTV,user_00168
AnfieIdExpress,user_00169
Anfield Express,user_00170
Anfield4EVER,user_00171
Ani Abello,user_00172
Anita Singh (Nini),user_00173
Anjana Sankar,user_00174
AnnaFromUA_YT,user_00175
Anna_From_Ukraine_Official,user_00176
Anthony,user_00177
Anthony Rochand,user_00178
AnthonyJCortez_,user_00179
AnthonyRochand,user_00180
AntiToxicPeople,user_00181
Antoine Léaument 🇫🇷,user_00182
AntonellaNEWS ✨🇮🇹🏴󠁧󠁢󠁷󠁬󠁳󠁿🌎☮️,user_00183
Antonio Benny 🇮🇹,user_00184
Antonio Finlay,user_00185
Antonio Grasso,user_00186
Anurradha Prasad,user_00187
Aoishi Shinumura 🇺🇸 | A'tinomy Gratis,user_00188
Apartheid Review,user_00189
ApartheidReview,user_00190
Arab News Japan,user_00191
ArabNewsjp,user_00192
ArcadeNestGames,user_00193
Arduino,user_00194
Ariel Coro,user_00195
Ariel Maceo Tellez,user_00196
Armbian Linux,user_00197
Arnold August,user_00198
Arnold_August,user_00199
Arq Julio Herrera,user_00200
ArqJulioHerrera,user_00201
Arrêt sur images,user_00202
Ars Electronica,user_00203
ArsElectronica,user_00204
Arthur Munoz,user_00205
Artosis,user_00206
Ashboi,user_00207
Ashboi4444,user_00208
Ashiie_stl,user_00209
Ashu 🌻,user_00210
Asianet News,user_00211
AsianetNewsML,user_00212
"Aslam Shaikh, INC 🇮🇳",user_00213
AslamShaikh_MLA,user_00214
AstronautZero | PiglinHost | XPBrew 🍵,user_00215
AsyFutTrader,user_00216
AtinQATARofc,user_00217
AtinThailand,user_00218
Atlético de Madrid,user_00219
Atoms in Japan,user_00220
Atoms_in_Japan,user_00221
Atul Rajesh Waman,user_00222
Atul_Waman_,user_00223
Aubrey Strobel,user_00224
AustraliaInJPN,user_00225
Author & Global Pharmaceutical Supply Chain Expert,user_00226
Auzio,user_00227
AuzioMF,user_00228
Awk,user_00229
Awkquido,user_00230
AxSaucedo,user_00231
Aya Velázquez,user_00232
Ayato_ux,user_00233
Aziz Maïga ne ment pas,user_00234
AzizMaigaNMP,user_00235
Azul_Yellow,user_00236
A’TIN Thailand 🇵🇭💙🇹🇭,user_00237
A’TIN-San 🇯🇵🍎,user_00238
B on K 🧚🏾‍♀️,user_00239
B.C. Begley,user_00240
"B.C. Begley
",user_00241
BABYMONSTER JAPAN OFFICIAL,user_00242
BAEKHYUN JAPAN OFFICIAL,user_00243
BBC,user_00244
"BBC
",user_00245
BBC Breakfast,user_00246
BBC News (UK),user_00247
BBCBreakfast,user_00248
BBCNews,user_00249
BBNaija,user_00250
BC_News1,user_00251
BDS Italia,user_00252
BIG SAM,user_00253
BRUCE TUMWESIGYE,user_00254
BSF JAMMU,user_00255
BUNII__,user_00256
Baby solana,user_00257
Balance Japan,user_00258
Bald_Coach,user_00259
Bammie 🍎,user_00260
Banini,user_00261
Barak Ravid,user_00262
BarakRavid,user_00263
BarnettforAZ,user_00264
Beauty Tukura⚓️,user_00265
BeenavyHq,user_00266
BelieveInKlopp,user_00267
Bellamari8mazz,user_00268
Belle_Louise89,user_00269
Benedict Rogers 羅傑斯,user_00270
"Benedict Rogers 羅傑斯

",user_00271
Benjamin Cowen,user_00272
Benji Korey,user_00273
BenjiKorey63548,user_00274
Bhabanisankar02,user_00275
Big Brother Naija,user_00276
Big Love,user_00277
BigHitWhitt,user_00278
Bilal Taïrou,user_00279
BilalTairou,user_00280
Bill M Moore,user_00281
BillMoore20,user_00282
Bills Report,user_00283
BillsReport_,user_00284
Birgit Hufnagl,user_00285
"Birgit Hufnagl
",user_00286
Bitcoin Magazine,user_00287
Bitcoin professor,user_00288
BitcoinMagazine,user_00289
Bitcoinprof0637,user_00290
Bitget,user_00291
Black Triangle,user_00292
Blackmoon,user_00293
Blikk,user_00294
"Blikk Hu
",user_00295
Blitzy (comms open!),user_00296
BlitzyBubblez,user_00297
BlockTapas,user_00298
BluegrassPundit,user_00299
Bobby Hitt Jr,user_00300
Bobby Stroupe,user_00301
Bohdan Nahaylo,user_00302
BohdanNahaylo,user_00303
Bojan Tunguz,user_00304
BookyLocco,user_00305
Boss Jimmy,user_00306
Boss__Tha,user_00307
Breedlove22,user_00308
Breezy,user_00309
Brian,user_00310
Brian Harrod,user_00311
Brian Solis,user_00312
Bright Cyph™,user_00313
Bruce Van Horn,user_00314
BruceVH,user_00315
BrucewilzUg,user_00316
Brut Bharat 👻,user_00317
BrutBharat,user_00318
Bubz,user_00319
BueroDinkel,user_00320
Byeon Dha,user_00321
Byoblu,user_00322
Byoona .N.⚖️,user_00323
C-Reason🇺🇸,user_00324
C9VAL,user_00325
CAESO QUIINCTIUS,user_00326
CAI Run 蔡润,user_00327
CATS_2024,user_00328
"CCTV Asia Pacific
",user_00329
CCTVAsiaPacific,user_00330
CDHKedition,user_00331
CFR_org,user_00332
CGDev,user_00333
CGTN Radio,user_00334
CGTNRadio,user_00335
CG_Zha Liyou查立友,user_00336
"CG_Zha Liyou查立友
",user_00337
CHINA MFA Spokesperson 中国外交部发言人,user_00338
CL,user_00339
CL207,user_00340
CNS1952,user_00341
CNX Software,user_00342
CSS at ETH Zurich,user_00343
"CSS at ETH Zurich
",user_00344
CSS_ETHZurich,user_00345
CWolfMusic,user_00346
Caf,user_00347
CanCan,user_00348
CanadaLaliga,user_00349
CaoYi_MFA,user_00350
Cao_Li_CHN,user_00351
Caoli 曹利,user_00352
Captain Droid,user_00353
Career Mode Tracker,user_00354
Carl Sellman,user_00355
CarlSellman,user_00356
Cary Mock,user_00357
"Cary Mock
",user_00358
Catherine Adenle,user_00359
CatherineAdenle,user_00360
CeCe ˗ˏˋ ✞ ˎˊ˗ 🌴 🇺🇸,user_00361
Cecilia Sala,user_00362
Cem Özdemir,user_00363
Center for Global Development,user_00364
Centralspor,user_00365
"Centre for Continuing Education (CCE), IISc",user_00366
Charities Aid Foundation (CAF),user_00367
Charity Digital,user_00368
CharityDigiOrg,user_00369
Charles Wolf Music | Video Game Composer,user_00370
Charu_doc,user_00371
Chaudhary Parvez,user_00372
"Chaudhary Parvez

",user_00373
ChaudharyParvez,user_00374
CheickIbtidiani,user_00375
CherryItaliana,user_00376
Chesschick01,user_00377
Chicago1Ray,user_00378
Chief Concerns,user_00379
Chiefs Focus,user_00380
Chiefs SD,user_00381
ChiefsFocus,user_00382
ChiefsSD,user_00383
ChildrensHD,user_00384
Children’s Health Defense,user_00385
ChimmieeHQ,user_00386
China Culture,user_00387
"China Culture
",user_00388
China Daily,user_00389
"China Daily Asia

",user_00390
China Daily Hong Kong,user_00391
China Daily World,user_00392
China Files,user_00393
China News 中国新闻网,user_00394
China US Focus,user_00395
China Xinhua News,user_00396
"China Xinhua News

",user_00397
China2ASEAN,user_00398
ChinaCGMTL,user_00399
ChinaConsulate,user_00400
ChinaConsulateChicago,user_00401
ChinaDailyAsia,user_00402
ChinaDailyWorld,user_00403
ChinaEmbOttawa,user_00404
ChinaSpox_India,user_00405
ChinaUSFocus,user_00406
China_Amb_India,user_00407
Chinacultureorg,user_00408
Chinadaily_CH,user_00409
ChinainVan,user_00410
Chinese Ambassador to Greece FANG Qiu,user_00411
Chinese Consulate General in Johannesburg,user_00412
Chinese Consulate General in Vancouver,user_00413
Chinese Consulate-General in Melbourne,user_00414
Chinese Emb Pakistan,user_00415
Chinese Embassy in Fiji,user_00416
Chinese Embassy in Hungary,user_00417
ChineseCon_Mel,user_00418
ChineseEmb_FJ,user_00419
ChineseEmbinHU,user_00420
ChingteLai,user_00421
ChnConsulateJhb,user_00422
Chris Broad,user_00423
Chris Hutchinson,user_00424
ChrisHu34451470,user_00425
Christian Buckley,user_00426
Christina Garnett,user_00427
ChristoGrozev@bsky.social,user_00428
Christopher Khaalid Scipio,user_00429
Chudé,user_00430
Chunyu 春雨,user_00431
Chunyu_China,user_00432
CiberCuba,user_00433
CiberCuba - Noticias de Cuba 🇨🇺,user_00434
Città di Partenope,user_00435
Claire,user_00436
ClayWendler,user_00437
Cloud9 VALORANT,user_00438
Coach Sav,user_00439
Cody Reader @PhantomSlothGames,user_00440
CoinMarketCap,user_00441
CoinsMaffia,user_00442
Coinsmaffia,user_00443
Cointelegraph,user_00444
"Collegium of China and Taiwan Studies (CATS)
",user_00445
ComeBackFPS,user_00446
Commissariat à la Sécurité Alimentaire 🇲🇱,user_00447
Commissioner for Human Rights,user_00448
CommissionerHR,user_00449
Companion Wulf,user_00450
CompanionWulf,user_00451
ConcernsChief,user_00452
Consulat général de Chine à Montréal,user_00453
Convertbond,user_00454
Corballyred,user_00455
Coreano,user_00456
Corey Jones,user_00457
Coreyo4,user_00458
Costapinta,user_00459
Coto Japanese Academy | Japan,user_00460
Council on Foreign Relations,user_00461
Covering China,user_00462
CoveringChina_,user_00463
Cpl_esbee19,user_00464
CreasonJana,user_00465
Criminal__x,user_00466
CringeTV,user_00467
Cringegamingtv,user_00468
Cristina Wonder,user_00469
CriticaScient,user_00470
Cross Okonkwo ✝️,user_00471
Crypto King,user_00472
Crypto&Shopping,user_00473
CryptoBitapas,user_00474
CryptoByteWit,user_00475
CubaLiborio,user_00476
CubaOrtografia,user_00477
CubanCitizen,user_00478
Cubanet 🇨🇺,user_00479
CubanetNoticias,user_00480
Cubanos por el Mundo,user_00481
Cubanoselmundo,user_00482
CurieuxExplorer,user_00483
Cyber City Circuits,user_00484
Cyrus Janssen,user_00485
D4DDYD4K,user_00486
DAO Maker,user_00487
DAZN Italia,user_00488
DAZN_IT,user_00489
DAbitty,user_00490
DD Bangla News,user_00491
DD India,user_00492
DD News,user_00493
DDBanglaNews,user_00494
DDIndialive,user_00495
DDNewsHindi,user_00496
DDNewslive,user_00497
DG_Porro,user_00498
DHealthLDN,user_00499
DK🇺🇸🦅🇺🇸,user_00500
DOD SPIDY,user_00501
DW на русском,user_00502
DaGridiron,user_00503
DabloonEl66305,user_00504
Daily Dose Games,user_00505
Dan Stemkoski,user_00506
Daniel Kapadia,user_00507
Daniel Novich,user_00508
Danielle Moodie,user_00509
Danny Haiphong,user_00510
DannyKPolitics,user_00511
Daredevil,user_00512
DaredevilEA,user_00513
Darrell O'Donnell,user_00514
Data Science Dojo,user_00515
DataScienceDojo,user_00516
"Dave ""Someone you trust is one of us"" Birch",user_00517
DaveOCKOP,user_00518
"David Haldorsen MA, ISSA-EPT-SCC-SN",user_00519
David Leavitt 🎲🎮🧙‍♂️🌈,user_00520
David McGrady,user_00521
David_Leavitt,user_00522
Davide G. Porro,user_00523
Davide Scifo,user_00524
Dee,user_00525
DeeTwoCents,user_00526
Deep Alchemy Dungeon 👹 WISHLIST ON STEAM,user_00527
DefenceHQ,user_00528
Del Reid 🦬,user_00529
DelReid,user_00530
Denzel🇳🇬,user_00531
Derke,user_00532
Design Nominees,user_00533
Dev Khanna,user_00534
Devs & Dorks 🕹,user_00535
Dianelysbt,user_00536
Diane❤️,user_00537
Diario de Centro América,user_00538
DiariodeCA,user_00539
Diego Fusaro,user_00540
DiegoFusaro,user_00541
DigiKey,user_00542
Digital Health,user_00543
Digital India,user_00544
Digital Twin Consortium,user_00545
DigitalHealth.London,user_00546
DigitalTwinCon,user_00547
Dimples0206,user_00548
Dimsumdaily Hong Kong,user_00549
"Dimsumdaily Hong Kong
",user_00550
DivaD4k,user_00551
DodSpidy,user_00552
Dokledee,user_00553
Domesticated Brain,user_00554
Donk,user_00555
Dori_Effect,user_00556
Dossena,user_00557
Doyin David ☀️,user_00558
Dr RUAN Zongze 阮宗泽,user_00559
Dr. Barbara Balanzoni 🇷🇺,user_00560
Dr. Charu Arora,user_00561
Dr. Ganapathi Pulipaka 🇺🇸,user_00562
Dr. Khulood Almani | د.خلود المانع,user_00563
Dr. Mahipal Singh Rathore,user_00564
Dr. Monika Sonu I Founder Healthinnovationtoolbox,user_00565
Dr. Rem|,user_00566
Dr. Ruchi Dass,user_00567
DreamyGabi | Digital artist,user_00568
DreamyGabiNL,user_00569
DrewSparkR6,user_00570
Drissa Niono,user_00571
DroChavez,user_00572
DroppedmicAgain,user_00573
Dunja Mijatovic,user_00574
Dunja_Mijatovic,user_00575
Dux Raymond Sy 🇵🇭 🇺🇸,user_00576
E-Pal,user_00577
EA SPORTS,user_00578
EA SPORTS FC,user_00579
EA SPORTS FC BRASIL,user_00580
EA SPORTS FC Direct Communication,user_00581
EA SPORTS FC ESPAÑA,user_00582
EA SPORTS FC Pro,user_00583
EAFC 26 News,user_00584
EAFC 27 News,user_00585
EAFC 28 News,user_00586
EAFC 29 News,user_00587
EAFC 30 News,user_00588
EAFC 31 News,user_00589
EAFC 32 News,user_00590
EAFC 33 News,user_00591
EAFC 34 News,user_00592
EAFC 35 News,user_00593
EAFCassist,user_00594
EAFCconcepts,user_00595
EARTHRAlNS,user_00596
EASFCDirect,user_00597
EASPORTS,user_00598
EFeromi,user_00599
ELOSWAG,user_00600
ENZO,user_00601
ENZO.BRIGANTE,user_00602
ENZOBRIGANTE2,user_00603
"ERICA OF THE HOLY GHOST🔥
",user_00604
ESBI- OneNine❤️🍓🌽🌭🐥,user_00605
Eazy,user_00606
EazynCo,user_00607
Ebuka,user_00608
Ebuka Obi-Uchendu,user_00609
Ebyfyn,user_00610
Ebyfyn❤️,user_00611
Echinanews,user_00612
EchoSaber ★,user_00613
EchoSaber1,user_00614
Economic Times,user_00615
EconomicTimes,user_00616
Ed pero no Sheeran 𝕏⚯͛🩺,user_00617
Ed_swings,user_00618
Eddie Resurreccion,user_00619
Edge Impulse,user_00620
EdgeImpulse,user_00621
EdmarResurrecc1,user_00622
Edswings,user_00623
EduMinOfIndia,user_00624
Ego Oyibo💕,user_00625
"Elan Barenholtz, Ph.D.",user_00626
Elements,user_00627
Elle_28🐣SB19_MAHALIMA//SAW HAS COME🍎,user_00628
Elon Musk,user_00629
Eloswager,user_00630
Elvin Nieto®,user_00631
EmLindley,user_00632
Embajada de los Estados Unidos en Cuba,user_00633
Embassy of Japan in South Africa/在南アフリカ共和国日本国大使館,user_00634
Embassy of Japan in Syria,user_00635
Emm | scenario.com,user_00636
Emma Lindley,user_00637
Enlightening Results 💡,user_00638
Enzo Pennetta,user_00639
Enzo9CFC,user_00640
Epstein,user_00641
EquaCoin,user_00642
Eric C,user_00643
EricS2075,user_00644
Erica Nlewedim⭐️,user_00645
EricaNlewedim,user_00646
Erik Solheim,user_00647
ErikSolheim,user_00648
ErzaScarlex🍎,user_00649
ErzaScarlex🍎IA,user_00650
Esercito di Cruciani,user_00651
EsercitoCrucian,user_00652
EtheronGames,user_00653
Etienne Arsenault,user_00654
Eugene Dyabin,user_00655
EugeneDyabin,user_00656
Eugenio Perea,user_00657
Euro-Med Monitor,user_00658
EuroMedHR,user_00659
Europarl_EN,user_00660
European Parliament,user_00661
EvanKirstel,user_00662
Everdream Village | Everdream Valley,user_00663
EverdreamValley,user_00664
Everything LaLiga,user_00665
EvgenyFeldman,user_00666
Excellion,user_00667
Expo 2025 Osaka Kansai,user_00668
FC 26 NEWS & TIPS,user_00669
FC Barcelona,user_00670
FC CONCEPTS,user_00671
FC25 Leaks,user_00672
FGFJ_en,user_00673
FGZ ⚽️🎮,user_00674
FIFAUTeam,user_00675
FIFAntastic,user_00676
FNATIC,user_00677
FNATIC Boaster,user_00678
FNC bundle,user_00679
FNC bundle 🌙,user_00680
FOKUS VALORANT,user_00681
FOKUSValorant,user_00682
FREEBIESLOADED MEDIA,user_00683
FUT 26 LEAKS,user_00684
FUT Coin Shop,user_00685
FUT Esports,user_00686
FUT RANKS • FC 25,user_00687
FUT REVEAL FC26 LEAKS,user_00688
FUT REVEAL FC27 LEAKS,user_00689
FUT REVEAL FC28 LEAKS,user_00690
FUT REVEAL FC29 LEAKS,user_00691
FUT REVEAL FC30 LEAKS,user_00692
FUT REVEAL FC31 LEAKS,user_00693
FUT REVEAL FC32 LEAKS,user_00694
FUT REVEAL FC33 LEAKS,user_00695
FUT REVEAL FC34 LEAKS,user_00696
FUT REVEAL FC35 LEAKS,user_00697
FUT Rory,user_00698
FUT25News_,user_00699
FUT26News_,user_00700
FUT27News_,user_00701
FUT28News_,user_00702
FUT29News_,user_00703
FUT30News_,user_00704
FUT31News_,user_00705
FUTCoinShop,user_00706
FUTWIZ,user_00707
FUT_Ranks,user_00708
FUT_Rory,user_00709
FUTesportsgg,user_00710
Fabio Dragoni,user_00711
Fabrizio Romano,user_00712
FabrizioRomano,user_00713
Facts matter,user_00714
Falcon,user_00715
FanCode,user_00716
Faye,user_00717
FayeFaves,user_00718
FcCurtis,user_00719
Federico Antoni,user_00720
Fehintolar,user_00721
Fehintolar_,user_00722
Feldman,user_00723
FelixLlerenaCUB,user_00724
FifaTradingRomania,user_00725
Filly Imu,user_00726
FillyImu,user_00727
FinlayAntonio,user_00728
Flank.,user_00729
"Flank.
",user_00730
FlconEYES,user_00731
Flelipp Jhon Susan 🙌,user_00732
Flo.Wirt7_,user_00733
Focus Taiwan (CNA English News),user_00734
"Focus Taiwan (CNA English News)
",user_00735
Focus_Taiwan,user_00736
Foldscope,user_00737
Food Security Commission - Republic of Mali 🇲🇱,user_00738
FrRonconi,user_00739
Fr_Bechieau,user_00740
Fran Altomare,user_00741
FranAltomare,user_00742
Francesca Donato,user_00743
Francesca Totolo,user_00744
Francesco Storace,user_00745
Franco Ronconi 🇮🇹,user_00746
Francois Bechieau,user_00747
Frank Bleker,user_00748
Frank El Makina,user_00749
FrankBleker,user_00750
FrankElMakina,user_00751
Fred L Mertz,user_00752
Fred Oumar KANOUTÉ,user_00753
FredOakland,user_00754
FredericKanoute,user_00755
FreebiesloadedM,user_00756
Fresh New Games Everyday,user_00757
"Friends of the Global Fund, Japan (FGFJ)",user_00758
Frontieresmedia,user_00759
Frontières,user_00760
Fut Sheriff,user_00761
FutAR-Trader🇦🇷,user_00762
FutAR_Trader,user_00763
FutOffsides,user_00764
FutPotential,user_00765
FutReveal,user_00766
FutSheriff,user_00767
Future America,user_00768
Fweedom5,user_00769
Fweedom🇺🇸,user_00770
Fyodorrrrr,user_00771
Félix Llerena 🇨,user_00772
Félix Llerena 🇨🇺,user_00773
FútbolFantasy,user_00774
G2 Anderzz,user_00775
G2 DrewSpark,user_00776
G2 Esports,user_00777
G2 JAWGEMO,user_00778
G2 VALORANT,user_00779
G2VALORANT,user_00780
G2esports,user_00781
GG | Nick Cuccovillo,user_00782
GGNickcvillo,user_00783
GIL BASHE,user_00784
GISALEGEND,user_00785
GOAT,user_00786
GROOVY 🚀,user_00787
GW Sigur Center for Asian Studies,user_00788
"GW Sigur Center for Asian Studies
",user_00789
Gaea ✨,user_00790
Gaea_efe,user_00791
Gaku,user_00792
Gallinews India,user_00793
Game Vibes 360 🕹️,user_00794
GameVibes360,user_00795
Gamemodfree2025,user_00796
Gameover🎗️,user_00797
Gameover🎗️🇮🇱🇦🇺,user_00798
Gamers Without Borders,user_00799
"Games On Fire - Ofertas, noticias y coleccionismo",user_00800
GamesOnFire_GoF,user_00801
Gaming Buzz Hub,user_00802
GamingBuzzHub,user_00803
Garry Kasparov,user_00804
Gary Cardone,user_00805
GaryCardone,user_00806
Geert Jan Sloos,user_00807
GeneUz21,user_00808
GeopoliticsDH,user_00809
GetTheDailyDirt,user_00810
Getafe C.F. English,user_00811
Getafe C.F. Esports,user_00812
GetafeCFen,user_00813
Getafe_Esports,user_00814
Ghadi Francis | غدي فرنسيس,user_00815
GigaBeers,user_00816
Gil_Bashe,user_00817
Giovanni1169h,user_00818
Giovanni🏴‍☠️,user_00819
Gisèlle A .,user_00820
Giuliano Liguori,user_00821
Giulio Marini,user_00822
GiulioMarini2,user_00823
Glenda Rancaño,user_00824
Global Situational Awareness,user_00825
"Global Situational Awareness
",user_00826
Global Taiwan Inst.,user_00827
"Global Taiwan Inst.
",user_00828
Global Times,user_00829
"Global Times

",user_00830
GlobalSituAware,user_00831
GoitaAssimi,user_00832
GolosAmeriki,user_00833
Gombloddisdah,user_00834
Gomey,user_00835
Google AI,user_00836
GoogleAI,user_00837
GraceCordovano,user_00838
Graham,user_00839
Grain of Salt,user_00840
GraniTweet,user_00841
Greg Cover 1 🏈,user_00842
Greg Lukianoff,user_00843
GregTompsett,user_00844
Gregor Sunderdiek,user_00845
GrimmsShinigami,user_00846
GroupGets,user_00847
Gskill1980,user_00848
Général d'Armée Assimi GOITA,user_00849
H,user_00850
H2H_zip_,user_00851
"HANNYBLINGS 🐺💛( PBD/0738)
",user_00852
HBTC,user_00853
HERSH_97,user_00854
HIATUS si ESBI- OneNine❤️🍓🌽🌭🐥,user_00855
HKChiefs9276,user_00856
HYPER JAPAN,user_00857
HYPERJAPANevent,user_00858
HZ 🎮 | 🍎,user_00859
HackerofWhite,user_00860
Hackster.io,user_00861
Hacksterio,user_00862
Hamid Amadou N'gadé,user_00863
HamsaJoan,user_00864
Hannyblings,user_00865
Harry Stebbings,user_00866
HarryStebbings,user_00867
Heart2allin,user_00868
Hearts2Hearts GLOBAL,user_00869
Heather Olivares,user_00870
Hebonii25,user_00871
Hectic,user_00872
HecticTKS,user_00873
Hedgie 🇬🇧 🏴󠁧󠁢󠁳󠁣󠁴󠁿 HighlandHedgie GETTR,user_00874
Hemant Mishra,user_00875
HemantMishr_,user_00876
Hemanta,user_00877
Hemanta1611,user_00878
Hiiiouob,user_00879
Hillz,user_00880
Hiyori_Staff,user_00881
Hong Kong Airlines,user_00882
"Hong Kong Airlines
",user_00883
Hong Kong Free Press HKFP,user_00884
Hong Kong Police Force,user_00885
Hong Kong SAR Government News,user_00886
Hoody Bob (COMMISSION OPEN: 2/10 onwait),user_00887
Hoody Bob (COMMISSION OPEN: 3/10 onwait),user_00888
Hoody_bob,user_00889
Horcus,user_00890
Howard Lake,user_00891
Howard Notelling,user_00892
Howard Simon,user_00893
HoytMandy,user_00894
Hu Xijin 胡锡进,user_00895
HuXijin_GT,user_00896
Hua Chunying 华春莹,user_00897
"Hua Chunying 华春莹

",user_00898
HufnaglB,user_00899
Hurricane Chaser Chase,user_00900
Hussain Albukhaiti حسين البخيتي,user_00901
HussainBukhaiti,user_00902
IANS,user_00903
IN,user_00904
IPDefenseForum,user_00905
ITALIA🍎FOR SB⑲卌★,user_00906
ITBP,user_00907
ITBP_official,user_00908
Ian Burney,user_00909
Ian Kremer,user_00910
IanBurneyJapan,user_00911
Ibrahim إبراهيم,user_00912
IbrahimOnX,user_00913
IdM,user_00914
Idea Usher,user_00915
IdeaUsher,user_00916
If Americans Knew,user_00917
Iheartuhr,user_00918
Il Grande Flagello,user_00919
Il Sofista,user_00920
ImBlackmoon_,user_00921
Im_A_Believer,user_00922
Imola Oggi,user_00923
ImolaOggi,user_00924
Index on Censorship,user_00925
IndexCensorship,user_00926
India Forums,user_00927
IndianExpress,user_00928
Indiefold,user_00929
Indie👋,user_00930
Indo-Pacific Defense FORUM,user_00931
InndiMaria,user_00932
Input | Output,user_00933
InputOutputHK,user_00934
Inside LaLiga,user_00935
InsideJapan,user_00936
InsideJapan Tours,user_00937
InsideLaligaX,user_00938
Inspired by Art 🎨,user_00939
IntSoccerAcad,user_00940
International Naval & Maritime News,user_00941
"International Naval & Maritime News
",user_00942
International Soccer Academy,user_00943
Io41881712,user_00944
Issa Amro عيسى عمرو 🇵🇸,user_00945
Issaamro,user_00946
ItadakiYasu🍜 |🚑🍙🌽| JAPAN 10/1 - 10/23,user_00947
ItalianCroeso,user_00948
Ito,user_00949
Itoscaresme,user_00950
J,user_00951
J2wooi,user_00952
JAMES☁️,user_00953
JAPAN Mission GENEVA,user_00954
JAVED AKHTAR جاوید اختر,user_00955
JB,user_00956
JC Finley,user_00957
"JC Finley
",user_00958
JEFF TYMER 🇬🇭🏴󠁧󠁢󠁥󠁮󠁧󠁿,user_00959
JETAR9,user_00960
JF_NewYork,user_00961
JFrog,user_00962
JJ Square Badminton Academy,user_00963
JPEmbKosovo,user_00964
JPEmbassy_Syria,user_00965
JPN_PMO,user_00966
JPNickie,user_00967
JP_emb_inSA,user_00968
JTAfrique,user_00969
Jackie ୧⍤⃝🍎 || SAW,user_00970
JackieTanzon,user_00971
Jacopo Coghe,user_00972
Jake,user_00973
Jake_FutTrading,user_00974
James Badenach,user_00975
"James Badenach
",user_00976
James Gingerich #B2B #Technology #Influencer,user_00977
James Melville 🚜,user_00978
James Monaghan 🆔+🏃‍♂️+🍸,user_00979
JamesBadenach,user_00980
JamesMelville,user_00981
Jamestown Foundation,user_00982
"Jamestown Foundation
",user_00983
JamestownTweets,user_00984
Janet Chung,user_00985
Japan Consulate NY 総領事館,user_00986
Japan Emb in Kosovo,user_00987
Japan Foundation 国際交流基金,user_00988
Japan Ministry of Defense/JGSDF,user_00989
Japan Safe Travel (JST),user_00990
JapanCons_NY,user_00991
JapanEmb_Kuwait,user_00992
JapanGov,user_00993
JapanKenkyu,user_00994
JapanMissionGE,user_00995
JapanMissionVie,user_00996
JapanSafeTravel,user_00997
Japan_GSDF,user_00998
Japanese Mom's cooking,user_00999
Japanfoundation,user_01000
Jared Silver🇺🇸,user_01001
Jason,user_01002
Jason Houck,user_01003
JasonHouck,user_01004
JasonLFC1979,user_01005
JasonTSco,user_01006
Javisfc.com,user_01007
JavvnVVick,user_01008
Jawn Wick,user_01009
Jay,user_01010
Jay-LFC,user_01011
Jay__chiefs,user_01012
Jean Nguyen,user_01013
Jean de Nyandwi,user_01014
JeanAnimate,user_01015
Jeande_d,user_01016
Jeff Bullas,user_01017
Jeff Teper,user_01018
Jeff_Tymer_,user_01019
JenKatOfficial,user_01020
Jennifer Katrulya,user_01021
Jeremy White 🚂,user_01022
JeremyWGR,user_01023
JessicaUSAF,user_01024
Ji Rong嵇蓉,user_01025
JiRongCHN,user_01026
Jimmy90210,user_01027
Jingjing_Li,user_01028
Jisung976,user_01029
"Jmie, CPA",user_01030
Jmystigan,user_01031
Jmystigan🧙‍♂️🎃,user_01032
"Jo Deep™ || Enigma 🃏
",user_01033
Joanna Lillis,user_01034
Joe Buscaglia,user_01035
Joe Pulizzi,user_01036
JoeBuscaglia,user_01037
JoePulizzi,user_01038
Joey Palimeno,user_01039
John O Sullivan,user_01040
JohnBluntz,user_01041
Johnny Midnight ⚡️,user_01042
JohnsenStle,user_01043
Jon Scott,user_01044
JonScottTV,user_01045
Jordan Belfort - sell the sentinels bundle,user_01046
Jordan Montemurro,user_01047
Jordi Visser,user_01048
Jorvon Moss_Odd_Jayy,user_01049
Jose Alberto 🇨🇺🇺🇸,user_01050
"Joseph Neuberger, Neuberger & Partners LLP",user_01051
Josh Barnett-AZ,user_01052
Josh Cowen,user_01053
Joyu Wang,user_01054
"Joyu Wang
",user_01055
Jozef Sámel 🇸🇰,user_01056
JozzPlayzBF6,user_01057
Jozza - Daily/Weekly BF6 Content,user_01058
Juan Carlos Peiro Fdez,user_01059
Julius,user_01060
JuliusFGU,user_01061
Jull_oge,user_01062
Junior Sintress,user_01063
JuniorSintress,user_01064
JustiNcrediBelle,user_01065
JustinNiKenken,user_01066
Justine Moore,user_01067
KATSUTOSHI MACHIBA,user_01068
KB39439903,user_01069
KCsugimulm808,user_01070
KDnuggets,user_01071
KEVOOOOOOO,user_01072
KKDK,user_01073
KOMBO™,user_01074
KONATE Malick,user_01075
KP Kelly ✝️🇺🇸,user_01076
KP_Kelly,user_01077
KRISTALA 😼⚔️ Play on Steam,user_01078
KTM Japan【公式】,user_01079
KUSH,user_01080
KUSH23TV_,user_01081
K_girl_1619,user_01082
Kari Joys MS,user_01083
KariJoys,user_01084
Karuna Nundy,user_01085
Kashgarlii,user_01086
Kasparov63,user_01087
Kat Joycee 🍎 A’tin (Cebu),user_01088
Kate Davis,user_01089
"Kathleen Eberhardt, M.Ed.",user_01090
Katie Couric,user_01091
Kawaii | Gemma 🍂🍁,user_01092
KawaiiFoxita,user_01093
Kayla Michele Roth,user_01094
Kayla_M_Roth,user_01095
KeMeLoS,user_01096
Kei 🔞,user_01097
Keita Yamada 👑🐃@Led Hertz,user_01098
Keita_ymd10,user_01099
Kemel,user_01100
KenTin😻🌽🐥,user_01101
Kess_Adjekpovu,user_01102
Kettlebellsman,user_01103
Kevo_Bevo,user_01104
KforESBI 🌭🍢🍓🐥🌽,user_01105
KforESBI🌭🍢🍓🐥🌽,user_01106
Khulood_Almani,user_01107
Kingbaba221,user_01108
Kiran Joshi ( Follow Back 100%) Live #Ukraine,user_01109
"Kiran Joshi ( Follow Back 100%) Live #Ukraine
",user_01110
Kiranjoshi900,user_01111
Kirk Borne,user_01112
KirkDBorne,user_01113
Kisa,user_01114
Kisa164394,user_01115
Kola Omotoso,user_01116
KosovoinJapan,user_01117
KrishnaNaraKun,user_01118
Kristin B. Tate,user_01119
KristinBTate,user_01120
Kurozzz,user_01121
KurozzzSama,user_01122
Kuturejnr,user_01123
KyivIndependent,user_01124
Kyle Keegan,user_01125
Kylie Winfrey,user_01126
Kyodo News | Japan,user_01127
L e o n a r d 🧊,user_01128
LALIGA,user_01129
LALIGA Camps UK 🇬🇧,user_01130
LALIGA Corporativo,user_01131
LALIGA English,user_01132
LALIGA HYPERMOTION,user_01133
LALIGA Indonesia,user_01134
LALIGA TV,user_01135
LALIGA+,user_01136
LCP,user_01137
LEAD_Coalition,user_01138
LFC Mumble,user_01139
LFCFIGHTER,user_01140
LFCRegista,user_01141
LFC🔴Kloppite...👊,user_01142
LFDY88,user_01143
LOT_kurage,user_01144
LOUD Coreano,user_01145
La Liga 3x3,user_01146
La PC Futbolería,user_01147
"La PC Futbolería
",user_01148
La Verità,user_01149
LaLiga,user_01150
LaLiga Academy Canada,user_01151
LaLiga Academy UAE,user_01152
LaLiga Expert,user_01153
LaLiga Golazos,user_01154
LaLiga HPC,user_01155
LaLiga2,user_01156
LaLigaCampsUK,user_01157
LaLigaCorp,user_01158
LaLigaEN,user_01159
LaLigaGolazos,user_01160
LaLigaID,user_01161
LaLigaKerala,user_01162
LaLigaPlus,user_01163
LaLigaTV,user_01164
LaVeritaWeb,user_01165
Ladybeard_Japan,user_01166
Ladybeard🎀,user_01167
Laliga 24/25 Champ. 💙❤️,user_01168
Laliga Fans Kerala,user_01169
LanceTHESPOKEN,user_01170
Lani Samsona,user_01171
LaniSamson73476,user_01172
Lark Davis,user_01173
LarkisWeb3,user_01174
Larry Kim,user_01175
Latvia in Japan #StandWithUkraine 🇺🇦,user_01176
LaunchWebX,user_01177
Lauren Pattison🧣,user_01178
Lawrence McDonald,user_01179
Laycon,user_01180
Le Journal de l'Afrique – France 24,user_01181
LeadToday,user_01182
LeanDesign_,user_01183
LeanDesign🐦‍⬛,user_01184
Leandro Querido,user_01185
Leandro⚔️🪂🚵🏄‍♂️🇨🇺,user_01186
Leonard6031,user_01187
Leonid Volkov,user_01188
Lexi,user_01189
LfcShaunjudge,user_01190
Lfc__Vision,user_01191
Li Jingjing 李菁菁,user_01192
Liborio,user_01193
Liborio en Cuba,user_01194
LigaExpert,user_01195
Lijian Zhao 赵立坚,user_01196
Lin Jian 林剑,user_01197
Lindsay_Lisa06,user_01198
Lionel Barber,user_01199
Liquid nAts,user_01200
Liu Pengyu 刘鹏宇,user_01201
Live Law,user_01202
LiveLawIndia,user_01203
Liverpool🇸🇳,user_01204
LivsPins,user_01205
Lloyd O'Mahony,user_01206
LloydOMahony,user_01207
"Lori Shemek, PhD",user_01208
LoriShemek,user_01209
LosPichyBoys,user_01210
Lospaziolino🇵🇸🇱🇧,user_01211
LoveThisLife57,user_01212
Lover of Queen B 🇿🇦,user_01213
LoverofBeautyT,user_01214
Lt. Governor Matt Pinnell,user_01215
LtGovPinnell,user_01216
LuR0V1,user_01217
Luca Bottura,user_01218
LucaLovisolo,user_01219
LucaLovisolo.ch,user_01220
Lucy (HK) (IA),user_01221
Luke Dashjr,user_01222
LukeDashjr,user_01223
Lukepazz🇵🇸,user_01224
LulzBot,user_01225
M5Stack,user_01226
M8 ComeBack,user_01227
M80 Syyko,user_01228
MA Hui 马 辉,user_01229
MAB Observer,user_01230
MABobserver,user_01231
MANAI,user_01232
MARCA in English 🇺🇸,user_01233
"MARCA in English 🇺🇸
",user_01234
MARCAinENGLISH,user_01235
MBHZ3757,user_01236
"METI, Japan",user_01237
METI_JPN,user_01238
ME_Observer_,user_01239
MFA_China,user_01240
MHLW of Japan,user_01241
MHLWitter_en,user_01242
MIT Media La,user_01243
MIT Media Lab,user_01244
MIra lin,user_01245
MLAIConference,user_01246
MM___TV,user_01247
MM___TV89,user_01248
MOFA of Japan,user_01249
MOLLIE 🦋|| SB19 || BTS || 海湾石油,user_01250
MOLLIE🦋 || SB19 || BTS || GULF,user_01251
MONSTER VOTERS TEAM OFFICIAL 🇵🇭🇸🇬🇩🇪🇹🇭🇸🇦,user_01252
MOVED TO @__99a19,user_01253
MOVED TO @__99a20,user_01254
MOVED TO @__99a21,user_01255
MOVED TO @__99a22,user_01256
MOVED TO @__99a23,user_01257
MOVED TO @__99a24,user_01258
MOVED TO @__99a25,user_01259
MUMBAI NEWS,user_01260
MUSE x SB19 🇺🇸🍎 (IA),user_01261
MUSExSB19,user_01262
MYBharatHQ,user_01263
Ma6eS_9,user_01264
MaKc0418,user_01265
Machine Learning FLX,user_01266
Madalyn Sklar,user_01267
MadalynSklar,user_01268
Maddalena Loy,user_01269
Mag Jorge Castro🇨🇺,user_01270
MagJorgeCastro,user_01271
Maga4Justice,user_01272
Maga_Trigger,user_01273
"Mahalaxmi Ramanathan
",user_01274
MahalaxmiRaman,user_01275
Maharashtra Times,user_01276
Mahesh Bhagwat IPS,user_01277
Mahesh Chand,user_01278
MaheshBhagwat95,user_01279
MahipalRathore,user_01280
Mahomosexual,user_01281
Mahomosexual15,user_01282
MahuiChina,user_01283
Maickyyy,user_01284
Maiko Sakai,user_01285
MaikoSakaiBiz,user_01286
Mairav Zonszein מרב זונשיין,user_01287
MairavZ,user_01288
Maja Blanca with Mais🌽🌱💚🍎,user_01289
MakeAugusta,user_01290
MakerIO,user_01291
Malang🍀,user_01292
MaliMaeci,user_01293
Malivox.net 🇲🇱,user_01294
Mamadou Ismaila KONATE,user_01295
Manai_14,user_01296
Mandy Hoyt,user_01297
Manik🔥🌊,user_01298
Manuel Milanes,user_01299
Maple,user_01300
Marc Guyon,user_01301
MarcGuyon,user_01302
Marco Rizzo,user_01303
MarcoRizzoDSP,user_01304
Maria Avdeeva,user_01305
Mariano Amici - Medico,user_01306
MarianoAmici,user_01307
Mariate Arnal,user_01308
Maria🏴󠁧󠁢󠁥󠁮󠁧󠁿,user_01309
Marichal,user_01310
MarichalMC,user_01311
MarikitSB19,user_01312
Mario J. Pentón,user_01313
Mario Klingemann💧💦,user_01314
MarioJPenton,user_01315
Mario_Moray,user_01316
Maripuerta,user_01317
Mark Whittier,user_01318
MarkWhittier1,user_01319
Marsha Collier,user_01320
MarshaCollier,user_01321
"Martin ""Anderzz"" Schelasin",user_01322
Martin 🏹,user_01323
Martinoleary,user_01324
Mary Lawlor UN Special Rapporteur HRDs,user_01325
MaryLawlorhrds,user_01326
Mashallan_3,user_01327
Matt,user_01328
Matt Lee,user_01329
Matt Murdock,user_01330
Matt Parrino,user_01331
MattFUTTrading,user_01332
MattParrino,user_01333
Matt_Bove,user_01334
Matthew Bové,user_01335
MattiasArvidss1,user_01336
Maty 🔴,user_01337
Max Keiser,user_01338
Maxleono,user_01339
MaxleonoYT,user_01340
Mayokun & 3 Ors 🇳🇬 🗝 🐘,user_01341
Mayra Dominguez,user_01342
MayraDo57466678,user_01343
Mayshing of Altabestudio 🦋,user_01344
Mazhar Choudhry,user_01345
Meccha Japan,user_01346
Medanta,user_01347
Medtronic,user_01348
"Mehdi Razavi
",user_01349
MehdiRazav,user_01350
Melanie Korach🇨🇦,user_01351
Melbourne A’tin🍎,user_01352
MelbourneAtin,user_01353
Melissa Stewart,user_01354
MelissaOnline,user_01355
Meme ✨,user_01356
Mera Yuva Bharat - MY BharatHQ,user_01357
Mercy Eke,user_01358
Merkz_66,user_01359
Me’cûcyen👽,user_01360
Michael,user_01361
Michael Saylor,user_01362
Michael W. Herman (Web 7.0 Agentic OS™),user_01363
Michelle Garrett | B2B PR Consultant/Writer,user_01364
Microchip Makes,user_01365
MicrochipMakes,user_01366
"Middle East Bulletin
",user_01367
Middle East Observer,user_01368
Midleeastbull18,user_01369
Midwest Iowa girl,user_01370
Miguel Mc Allister,user_01371
MiguelMc,user_01372
Mijail Bonito (Misha),user_01373
Mike Rez (Blue Check Mark),user_01374
Mike | Valorant Leaks & News,user_01375
Miko Peled,user_01376
Milano Fashion HK,user_01377
"Milano Fashion HK
",user_01378
Ministry of Defence 🇬🇧,user_01379
Ministry of Education,user_01380
Ministère des Affaires étrangères du Mali,user_01381
MintPress News,user_01382
MintPressNews,user_01383
MirimLeee,user_01384
Mirim🐈‍⬛⁰⁹¹🌭,user_01385
Mirror Now,user_01386
MirrorNow,user_01387
Mirza Jahic,user_01388
MissAmethysa,user_01389
Mivasair,user_01390
MoNDefense,user_01391
Mocikxie,user_01392
ModalAI,user_01393
ModellaⓂ️💙,user_01394
Modern Jiangsu,user_01395
ModernJiangsu,user_01396
MofaJapan_en,user_01397
Molly Ploofkins,user_01398
Mollyploofkins,user_01399
MomshieWhengNiFELIP&SB19,user_01400
MonsterVoter19,user_01401
Monty_officialM,user_01402
Moody Bastard,user_01403
MoreFun Studios,user_01404
MoreFunStudios,user_01405
Mossa_ag,user_01406
Motherl28134473,user_01407
Motherland,user_01408
Moussa AG ACHARATOUMANE,user_01409
Mr Macaroni,user_01410
MrNeverG10veUp,user_01411
MrNeverG1veUp,user_01412
MrNeverG2veUp,user_01413
MrNeverG3veUp,user_01414
MrNeverG4veUp,user_01415
MrNeverG5veUp,user_01416
MrNeverG6veUp,user_01417
MrNeverG7veUp,user_01418
MrNeverG8veUp,user_01419
MrNeverG9veUp,user_01420
MsCullenNase,user_01421
"Mueller, She Wrote",user_01422
MuellerSheWrote,user_01423
Mukesh Bangra (चौधरी),user_01424
MukeshBangra12,user_01425
MumbaiPolice,user_01426
Mumbaikhabar9,user_01427
MunozArthur1,user_01428
Myrna 𝕏,user_01429
M♡NTY,user_01430
NAVI SoMarcus,user_01431
NAVI Valorant,user_01432
NAVIValorant,user_01433
NBT Hindi News,user_01434
NDMA India | राष्ट्रीय आपदा प्रबंधन प्राधिकरण 🇮🇳,user_01435
NGreentail,user_01436
NHS Digital Academy,user_01437
NHSDigAcademy,user_01438
NRG Ethan,user_01439
NSB GAMERS,user_01440
Namatnieks,user_01441
Nana Sheri,user_01442
Nana192123,user_01443
Nannygrann48151,user_01444
Nannygranny,user_01445
Natalie Brunell natbrunell,user_01446
Natalie Brunell ⚡️,user_01447
Natalie F Danelishen,user_01448
Natalka,user_01449
NatalkaKyiv,user_01450
Nate Geary,user_01451
Nauris,user_01452
NavalNews,user_01453
NavbharatTimes,user_01454
Neal Schaffer | ニール・シェーファー,user_01455
NealSchaffer,user_01456
Nemtsov Foundation,user_01457
NemtsovF,user_01458
Nengi Rebecca Hampson 👑,user_01459
NeoAkpofure,user_01460
NeoEnergy 🧨,user_01461
NeubergerLaw,user_01462
News Mason,user_01463
"News Mason
",user_01464
News of Donbass,user_01465
News.Az,user_01466
NewsMasonApp,user_01467
NewsTalkPD,user_01468
News_of_Donbass,user_01469
Newsible Asia,user_01470
"Newsible Asia
",user_01471
Niang Abdoul,user_01472
NiangAbdoul15,user_01473
NicKie 😎,user_01474
Nicholas Reed 🇨🇦🇷🇺,user_01475
Nick Adkins,user_01476
Nick Schifrin,user_01477
Nicola Porro,user_01478
NicolaPorro,user_01479
NicoleM✨,user_01480
Nifast🍀Greentail,user_01481
Nikki Hayes,user_01482
Niklauzi,user_01483
Niniofficiall,user_01484
Nixie Lam 林琳,user_01485
"Nixie Lam 林琳

",user_01486
NixieLAM,user_01487
Niyi Lawal,user_01488
No Lie with Brian Tyler Cohen,user_01489
NoLieWithBTC,user_01490
NoTime,user_01491
NoTimeW3,user_01492
NonoLoko10,user_01493
NonoLoko🔟,user_01494
Norges Rodríguez,user_01495
Northern Block,user_01496
NulloftheV0id,user_01497
Null🍃☕️,user_01498
Null🍃☕️🎄🎁❄️,user_01499
OCAC_TAIWAN,user_01500
ONEW_JAPAN,user_01501
ONEW日本公式,user_01502
OZiLLA,user_01503
ObservadorMX,user_01504
Observatorio de la Política China,user_01505
"Observatorio de la Política China
",user_01506
Observatoriod17,user_01507
Odd_Jayy,user_01508
OfficialBoaster,user_01509
OfficialDoyin_,user_01510
OfficialSaskay,user_01511
Offsider,user_01512
Offsider_ES,user_01513
OgeJull,user_01514
Ohazassu Japan,user_01515
Ohio_buckeye_us,user_01516
Oi,user_01517
Olatu125,user_01518
Oleh Nikolenko 🇺🇦🇨🇦,user_01519
OlehNikolenko_,user_01520
Olivier Babeau,user_01521
OlivierBabeau,user_01522
Omar Baddar عمر بدّار,user_01523
OmarBaddar,user_01524
Omen FC,user_01525
OndoOnn,user_01526
OneScouse,user_01527
Oni Sketchy,user_01528
Onn,user_01529
Open Robotics,user_01530
OpenRoboticsOrg,user_01531
Orange Loving Squirrel (Code ZENGO in Fortnite),user_01532
Orgoglioitalia3,user_01533
Osservatorio Esteri Taiwan,user_01534
Otaibayomi 🕊️ •|• 🤍,user_01535
OvdInfo,user_01536
PB-SHABD,user_01537
PBSHABD,user_01538
PDChinaHK,user_01539
PDChinese,user_01540
PIB India,user_01541
PIB in Karnataka,user_01542
PIBBengaluru,user_01543
PIB_India,user_01544
PLAVE JAPAN,user_01545
PLAVE JAPAN OFFICIAL,user_01546
PM's Office of Japan,user_01547
PMissionJapan Vienna,user_01548
PRisUs,user_01549
PSCandyBottom,user_01550
PTI_News,user_01551
PULP Magazine,user_01552
PULPMagazinePH,user_01553
Pablo Alexander Estrada Perez,user_01554
Padmaja Joshi,user_01555
PadmajaJoshi,user_01556
Pakistan Economic Network,user_01557
PalMedia,user_01558
PalMediaOrg,user_01559
Palestine Info Center,user_01560
PalestineChron,user_01561
PalimenoForGAD1,user_01562
Paolo Becchi,user_01563
Paper Rex,user_01564
Papo,user_01565
Partenope,user_01566
Parth Rane,user_01567
Parth_Rane26_,user_01568
Participio Partenopeo🌋🇵🇸,user_01569
ParticipioPart,user_01570
Pascal Bornet,user_01571
"Pastor Tomiwa Immanuel

",user_01572
Pat,user_01573
PathofCalydra,user_01574
Patricia Janiot,user_01575
Patrick Allen,user_01576
Pauline,user_01577
PaulinePHL610,user_01578
Peer Richelsen — oss/acc,user_01579
People's Daily - Hong Kong,user_01580
Pere Egbi ✊🏾,user_01581
PereEgbi,user_01582
Phant0mSl0th,user_01583
Phil Windley,user_01584
Phoebe Hughes,user_01585
PianoMitsuki,user_01586
Pierce Alexander Lilholt,user_01587
PierceLilholt,user_01588
Pierrick Picaut,user_01589
Pina Picierno,user_01590
PingHo0915,user_01591
PinkDemiii,user_01592
PiusErica,user_01593
Pixel Gun 3D,user_01594
PixelGun3D,user_01595
Piyush Pandey,user_01596
PlanoGaming,user_01597
Poison Candy Gaming,user_01598
Politic01774202,user_01599
Politically.Incorrect 🇷🇺Z❤️,user_01600
Pradeep Dutta,user_01601
PremSportsIRL,user_01602
Premier Sports Ireland,user_01603
Presidence Mali,user_01604
PresidenceMali,user_01605
Press Office of the President of Kazakhstan,user_01606
Press Trust of India,user_01607
Preston Thymes,user_01608
PrestonThymesAZ,user_01609
Prez,user_01610
PrezLives2022,user_01611
Prof B Buchanan OBE FRSE,user_01612
"Project 2049 Inst
",user_01613
Project2049,user_01614
Prosper🛡️,user_01615
ProvenceTaiwan,user_01616
PuinessArt,user_01617
Python Coding,user_01618
Qin Gang 秦刚,user_01619
Quase0800,user_01620
Qure.ai,user_01621
RBLXSpotlight,user_01622
RBLZ GAMING,user_01623
RCVolus,user_01624
RED 92,user_01625
"RED 92
",user_01626
RED92cadadiamas,user_01627
REVISTA_LALIGA,user_01628
RFKA,user_01629
RIAnfield4EVER,user_01630
RNapoles,user_01631
RP Defense,user_01632
"RP Defense
",user_01633
RPDefense,user_01634
RPatrickAllen,user_01635
RR,user_01636
"RR
",user_01637
"RT
",user_01638
RTHK English News,user_01639
"RTHK English News
",user_01640
RT_com,user_01641
Rabbi David Mivasair🔥,user_01642
Radek Sikorski,user_01643
Radio Roma,user_01644
Radio Taiwan International,user_01645
RadioRoma.it,user_01646
RadioTaiwan_Eng,user_01647
Rafa Kafka,user_01648
Rais Shaikh,user_01649
Rania,user_01650
Rasu Shrestha MD MBA,user_01651
RasuShrestha,user_01652
Ravi Dugh,user_01653
Razishura,user_01654
Real Marsha Wright®,user_01655
Real Racing Club 🇬🇧🇺🇸,user_01656
Real Sporting 🇺🇸🇬🇧,user_01657
"Real Sporting 🇺🇸🇬🇧
",user_01658
RealSportingENG,user_01659
RealUrban405,user_01660
Rebecca Wright,user_01661
"Rebecca Wright
",user_01662
Rebeldekoncausa,user_01663
Rechpal 🦉,user_01664
RedOrDead!🔴,user_01665
Reda,user_01666
Reinvented Magazine,user_01667
Reporte Ya,user_01668
ReporteYa,user_01669
Rev. Mike Rez (Blue Check Mark),user_01670
Revista La Liga,user_01671
Rhona B,user_01672
RicardoPC830716,user_01673
RicardoPC🗽🇨🇺✌️🇺🇲,user_01674
Rich Zeoli Show🇺🇸,user_01675
Rich Zeoli 🇺🇸,user_01676
Richa Pinto,user_01677
"Richard Gage, AIA, Architect",user_01678
Richard Hardigan,user_01679
RichardGage_911,user_01680
RichardHardigan,user_01681
Richzeoli,user_01682
Rights in Russia,user_01683
Riot Community Volunteers,user_01684
Riot Games Support DACH,user_01685
RiotSupportDACH,user_01686
Rizwan Malik,user_01687
Rob Butler 🇨🇦,user_01688
RobButler,user_01689
Robbie J Frye 🎤,user_01690
RobbieJFrye,user_01691
Robert van der Noordaa,user_01692
Robert ₿reedlove,user_01693
RobertRMCF,user_01694
Roberto Avventura,user_01695
Roberto San Martín,user_01696
RobertoAvventu2,user_01697
Robert🇵🇹,user_01698
Roblox Spotlight,user_01699
RobosFUT,user_01700
Robyn Bohlen,user_01701
"Rodney K. Nickens Jr., J.D.🌴🥥",user_01702
Rodney4Virginia,user_01703
Roger Taylor,user_01704
Roger_M_Taylor,user_01705
Roja Aurora | 🐈‍⬛⁰⁸⁴,user_01706
Rolando Nápoles,user_01707
Romain Pellerin🇫🇷🇺🇸,user_01708
Ronald van Loon,user_01709
Ronald_vanLoon,user_01710
Ross Feingold (方恩格),user_01711
Ross Power,user_01712
RossFeingold,user_01713
RuanZongzeCGBne,user_01714
Rufus_45,user_01715
Rula Jebreal,user_01716
RunninBlood,user_01717
Ruptly,user_01718
"Ruptly
",user_01719
Ruslan Leviev,user_01720
RuslanLeviev,user_01721
Russell Hsiao,user_01722
Rutaso.Japan🇯🇵🐶,user_01723
Ryan ツ,user_01724
RyanMatta 🇺🇸 🦅,user_01725
RyanMattaMedia,user_01726
S. Grossbard edits Review of Econ of the Household,user_01727
SAM,user_01728
SB19CG,user_01729
SB19COLLECTIVE GROUP🍎,user_01730
SB19MemeVice,user_01731
SCMPNews,user_01732
SEN kaplan,user_01733
SIE JAPAN Studio,user_01734
SPORT English,user_01735
SRuhle,user_01736
SSFootball,user_01737
Saab,user_01738
Sabi girl 🗡⚓⚔🧲♟,user_01739
Sabine VanderLinden,user_01740
SabineVdL,user_01741
Sabrina F.,user_01742
Sad,user_01743
Sagar Purohit,user_01744
"Sagar Purohit
",user_01745
SagarPurohit06,user_01746
Sahil,user_01747
Salazar,user_01748
Salome Zourabichvili,user_01749
Sam(⁠✿⁠^⁠‿⁠^⁠) | (ia) studying,user_01750
Samjyx_,user_01751
Samson Mow,user_01752
Samuel Gil,user_01753
Samuel Oamen 🇳🇬,user_01754
Sam🐀🩹🍂,user_01755
SandiRayii,user_01756
Sandra Twang,user_01757
SandraTwang,user_01758
Sandy.agi; gm.Brave,user_01759
SansadTV,user_01760
Sarah Rainsford @sarahrainsfordbbc.bsky.social,user_01761
Sarah Wilkinson,user_01762
Sarah-Jayne Gratton,user_01763
Saskay,user_01764
Scenario,user_01765
Scenario_gg,user_01766
Schwab Network,user_01767
SchwabNetwork,user_01768
ScipioCk,user_01769
Scott (ECKOSOLDIER),user_01770
Scroll.in,user_01771
Sean Boots,user_01772
SearchEngineJournal®,user_01773
Seeed Studio,user_01774
Seikochi100,user_01775
Selahaddin Kaşgarlı,user_01776
Semrush,user_01777
Senatya_39,user_01778
Sensors Converge,user_01779
SensorsConverge,user_01780
Sentinels,user_01781
Serbian Government,user_01782
SerbianGov,user_01783
Serena Xue Dong,user_01784
Seresa 🍎 - A'EU¹³³ 🇮🇹,user_01785
Serge Daniel,user_01786
Sergey Goryashko,user_01787
Sergio Ferra Salcedo,user_01788
SergioFFerra,user_01789
Sevilla FC,user_01790
SevillaFC_ENG,user_01791
Shandong Official,user_01792
SharpTyme,user_01793
Shaun,user_01794
Shawn Ryan,user_01795
ShawnRyan762,user_01796
Sheenster13s,user_01797
Sherry Jiang,user_01798
SherryYanJiang,user_01799
Shia｡,user_01800
Shina Oludare 🇳🇬,user_01801
Shopify Rebellion,user_01802
ShopifyRebels,user_01803
Shrish,user_01804
ShrishAgrawal12,user_01805
Shårp T¥mê,user_01806
Siddharth,user_01807
"Sight Magazine

",user_01808
Silvio Bertoldi,user_01809
SilviusBerthold,user_01810
SimNasr,user_01811
Sir Kess 🤍🤍,user_01812
SiuFat,user_01813
Soccer Gaming,user_01814
SoccerGaming,user_01815
Social Media Today,user_01816
Sofia Crespo 🪸,user_01817
SonyJapanStudio,user_01818
SonyTV,user_01819
Sophie Primas,user_01820
Sophos,user_01821
SorareLALIGA,user_01822
SorareLaLiga,user_01823
South China Morning Post,user_01824
Space Rock Games,user_01825
SpaceRockNZ,user_01826
SpecialLFC,user_01827
Spectre177,user_01828
Spion Kop,user_01829
Spiro’s Ghost,user_01830
SpokespersonCHN,user_01831
Sport_EN,user_01832
SportsTiger,user_01833
Sportsbet.io,user_01834
Sportsbetio,user_01835
SportyBet,user_01836
SportyBet South Africa,user_01837
SportyBetNG,user_01838
SportyBetZA,user_01839
SpoxCHN_LinJian,user_01840
SpoxCHNinUS,user_01841
StateHistorical,user_01842
Stella de Mendonça,user_01843
StellaMendonca,user_01844
Steph Smith,user_01845
Stephanie Ruhle,user_01846
Steve Ferguson,user_01847
Steve Keating,user_01848
Storace,user_01849
StratNewsGlobal,user_01850
StratRisks,user_01851
"StratRisks
",user_01852
Stray Kids Japan Official,user_01853
Stray_Kids_JP,user_01854
SumpthinPhishy,user_01855
Sumsub,user_01856
Sunjay A Muralitharan,user_01857
SunjayM_000,user_01858
SuperSport Football ⚽️,user_01859
Susan,user_01860
Susan McCann,user_01861
Susanjmccann,user_01862
Susie.....An American Voter,user_01863
Suzanne ✨🌑,user_01864
SvobodaRadio,user_01865
Swadesh Kumar,user_01866
SwedishLovee,user_01867
Swedishlovee,user_01868
Symply_Tacha,user_01869
Syncarnation,user_01870
Syncarnations,user_01871
SyykoNT,user_01872
Szob_Eraa,user_01873
SzobooEraa,user_01874
T.Yamazaki,user_01875
TACHA🔱🇬🇭 🇳🇬,user_01876
TALON_VALORANT,user_01877
TDataScience,user_01878
"TEMICOLE 💉💊🛡️🐺
",user_01879
TG Press,user_01880
TH ComeBack,user_01881
TH3_UNIT,user_01882
TICKLE 🍎,user_01883
TIMES NOW,user_01884
TNNavbharat,user_01885
TOI Ahmedabad,user_01886
TOI Bengaluru,user_01887
TOI Delhi,user_01888
TOI Kolkata,user_01889
TOI Mumbai,user_01890
TOI Plus,user_01891
TOIAhmedabad,user_01892
TOIBengaluru,user_01893
TOIDelhi,user_01894
TOIKolkata,user_01895
TOIMumbai,user_01896
TOIPlus,user_01897
TV5MONDE,user_01898
TVBS World Taiwan,user_01899
TVP World,user_01900
TVPWorld_com,user_01901
TWS Japan,user_01902
TWS_PLEDIS_JP,user_01903
TaKeTV,user_01904
Taiwan Defense,user_01905
"Taiwan Defense
",user_01906
Taiwan Presidential Office Spokesperson,user_01907
Taiwan Today,user_01908
"Taiwan in Australia

",user_01909
TaiwanAustralia,user_01910
TaiwanPlus News,user_01911
TaiwanPresSPOX,user_01912
Taiwan_Today,user_01913
Talking LaLiga,user_01914
TalkingLaLiga,user_01915
TanlokeThaiPBS,user_01916
Tanthious 🔥ARPG,user_01917
Tanthious_,user_01918
TanyaGuaida,user_01919
Tara Riva,user_01920
Tara Windwalker,user_01921
Tara_Windwalker,user_01922
TarotKat,user_01923
Taïwan en Provence,user_01924
Team Demiral Esports,user_01925
Team Gullit,user_01926
Team Liquid BR 🇧🇷,user_01927
Team RΛZΞR,user_01928
TeamFoldscope,user_01929
TeamLiquidBR,user_01930
TeamRazer,user_01931
TedPhoenix_,user_01932
Th3_Unit,user_01933
ThaliaEchidna,user_01934
That's Football!,user_01935
ThatChristinaG,user_01936
ThatsFootballTV,user_01937
The Amish Texter™ ❌🇺🇸,user_01938
The Anfield Wrap,user_01939
The Courier Six,user_01940
The Field,user_01941
The Final Whistle,user_01942
The Golden Mean,user_01943
The Gov't of Japan,user_01944
The Greek Scouser,user_01945
The Hindu,user_01946
The Indian Express,user_01947
"The Japan Foundation, New York",user_01948
The Japan News,user_01949
The Japan Times,user_01950
The Korea Herald 코리아헤럴드,user_01951
The Kyiv Independent,user_01952
The Maga Trigger,user_01953
The Mainichi (Japan Daily News),user_01954
The Palestine Chronicle,user_01955
The Path of Calydra - FREE Demo on Steam!,user_01956
The Quint,user_01957
The Red 🔴 Johnsen,user_01958
The Times Of India,user_01959
"The celebrity Pharmacist
",user_01960
TheAGRF,user_01961
TheAnfieldWrap,user_01962
TheBrain Tech,user_01963
TheBrainTech,user_01964
TheCourier_Six,user_01965
TheCryptoLark,user_01966
TheGoldenMean2,user_01967
TheKopHQ,user_01968
TheKoreaHerald,user_01969
TheNaijaAnalyst,user_01970
TheQuint,user_01971
TheRose_0803,user_01972
The_Japan_News,user_01973
The_SportsTiger,user_01974
Thelfc_Ace,user_01975
ThisIsFG_,user_01976
Tiennegolf,user_01977
Tim Bouma 🚴🏻‍♂️,user_01978
Times Now Navbharat,user_01979
TimesNow,user_01980
"Tolulope Oludapo
",user_01981
Tom Arch,user_01982
Tom Goodwin,user_01983
Tom Grundy,user_01984
"Tom Grundy
",user_01985
Tombizz,user_01986
TomiwaImmanuel,user_01987
Tony on the boat,user_01988
Torah Jews,user_01989
TorahJews,user_01990
Towards Data Science,user_01991
TrackAIPAC,user_01992
Trasherof08,user_01993
Travis Japan,user_01994
TravisJapan_cr,user_01995
TrevorTropicsWX,user_01996
TrumpetYiyan,user_01997
Tulip Penney,user_01998
TulipPenney,user_01999
TurboWealthLex,user_02000
Turbulon Interactive,user_02001
TurbulonInterac,user_02002
Tyronekoz,user_02003
U.S. Army Japan,user_02004
U.S. Embassy India,user_02005
U.S. Forces Japan,user_02006
U.S.-Japan Council,user_02007
UE au Mali,user_02008
UEauMali,user_02009
UK Prime Minister,user_02010
UNFADING ARTS,user_02011
UNICEF,user_02012
UNITAID,user_02013
UNIVERSAL_INTER,user_02014
UPSC Screenshots,user_02015
USA en Français,user_02016
USA1stWins,user_02017
USARJ_PAO,user_02018
USAenFrancais,user_02019
USAndIndia,user_02020
USEmbCuba,user_02021
USEmbalo,user_02022
USForcesJapan,user_02023
USJC,user_02024
UTSources,user_02025
UT_leaks,user_02026
UZI VLOGS,user_02027
Uday Samant,user_02028
Ulul4r,user_02029
Ulula,user_02030
Umang,user_02031
Umaro Sissoco Embaló,user_02032
Unexpected Maker,user_02033
UnfadingResolve,user_02034
Unitaid,user_02035
United A'TIN of Emirates Official,user_02036
United_ATIN_,user_02037
Universal Music Japan,user_02038
UpscScreenshots,user_02039
Urban405,user_02040
Ursula von der Leyen,user_02041
VALORANT,user_02042
VALORANT // JAPAN,user_02043
VALORANT Brasil,user_02044
VALORANT Champions Tour,user_02045
VALORANT Esports BR,user_02046
VALORANT Esports EMEA,user_02047
VALORANT India & South Asia,user_02048
VALORANTBrasil,user_02049
VALORANTde,user_02050
VALORANTinsa,user_02051
VALORANTjp,user_02052
VALORANTニュース,user_02053
VALORANT研究所/VALORANT Lab,user_02054
VALORRÃ // BRASIL,user_02055
VEE,user_02056
VGIFRA,user_02057
VISHAL DADLANI,user_02058
VIT Derke,user_02059
VITTORIO GIFRA,user_02060
VPIndia,user_02061
VRSoloviev,user_02062
Vale S.,user_02063
ValorLeaks,user_02064
Valorant Tracker,user_02065
ValorantEsports,user_02066
ValorantLab_JPN,user_02067
ValorantNews_jp,user_02068
ValorantTracker,user_02069
Vanityxz,user_02070
Varshitha,user_02071
Vasu-Devs,user_02072
Vasu_Devs,user_02073
VeBee🇺🇸✝️,user_02074
VeBo1991,user_02075
Veriff,user_02076
Versicherungsbüro Dinkel,user_02077
VfB eSports,user_02078
VfB_eSports,user_02079
Vice-President of India,user_02080
Victor M. Dueñas,user_02081
VictorDuenasCU,user_02082
"Victoria Jen
",user_02083
VictoriaJenCNA,user_02084
Victory Okokon,user_02085
VillarrealEnjoyer - Villarreal and Spanish LaLiga,user_02086
VinciWare,user_02087
VinciWare - 🎮 Cosmic Castaway,user_02088
VishalDadlani,user_02089
Visit Japan,user_02090
Visit_Japan,user_02091
Vitaly Portnikov,user_02092
Vive LaLiga SmartBank,user_02093
ViveSegunda,user_02094
Vladimir Soloviev,user_02095
VolodyaTretyak,user_02096
Volodymyr Tretyak 🇺🇦,user_02097
Volodymyr Zelenskyy / Володимир Зеленський,user_02098
WEAI,user_02099
"WEAI
",user_02100
WEAI_Columbia,user_02101
WHO,user_02102
WOL SiuFatBB,user_02103
Wael,user_02104
WalkerAmerica,user_02105
Walker⚡️,user_02106
Wassim Nasr,user_02107
Wayne Waldrop,user_02108
WayneWaldropW,user_02109
WeatherWatch.co.nz,user_02110
WeatherWatchNZ,user_02111
West Herr Auto Group,user_02112
WestHerr,user_02113
Wevolver,user_02114
WevolverApp,user_02115
William Murphy,user_02116
Willy Alba,user_02117
WillyAlbaOK,user_02118
Wirt7Flo,user_02119
WolverSteve,user_02120
Women in Identity,user_02121
WomeninID,user_02122
Wondercri1982,user_02123
World Health Organization (WHO),user_02124
WorldWarRoar,user_02125
X,user_02126
XHNews,user_02127
XIE Yongjun 解勇军,user_02128
XIEYongjun_CHN,user_02129
XPI Σ Art☄️🔞,user_02130
XPISigmaArt,user_02131
Xavier Azalbert FreeSpeech 🇧🇷 🇫🇷,user_02132
Xu Feihong,user_02133
YNWA. Diogo J,user_02134
YNWAlfcnews_,user_02135
YOᑎᒍI,user_02136
YUTTY52,user_02137
Yahya Danboos🌙Creating Luminous Nights,user_02138
YahyaDanboos,user_02139
YamagawaH,user_02140
Yamila La Hija de Maceo,user_02141
YamilaHija,user_02142
Yandere,user_02143
Yin_38POV,user_02144
Ykezze,user_02145
Yoani Sánchez,user_02146
Yoani Sánchez 🇨🇺,user_02147
Yoseftek1,user_02148
Young Voice,user_02149
YoungVoice001,user_02150
YourCoachDavid,user_02151
Youssef,user_02152
Yu Jing,user_02153
Yuro..,user_02154
Z06Z07,user_02155
ZOHAL forough,user_02156
ZST0723,user_02157
ZUBA🔥 🇯🇵₿🚤,user_02158
Zabae🫧,user_02159
Zack Freedman,user_02160
Zane🇱🇻,user_02161
ZappyZappy7,user_02162
ZelenskyyUa,user_02163
Zellsis,user_02164
Zen Magazine,user_02165
Zerr0s,user_02166
Zerros 𓆩^._.^𓆪,user_02167
Zerros 🦇 Vgen,user_02168
ZhaLiyou,user_02169
Zhang Heqing,user_02170
Zhang Zhisheng 张志昇,user_02171
Zhou Li周莉,user_02172
Zhou_Li_CHN,user_02173
Zindadilkashmir,user_02174
ZohalZ67676,user_02175
Zourabichvili_S,user_02176
_0ptical,user_02177
_Ashli​​e_Chan_,user_02178
_BABYMONSTER_JP,user_02179
_DigitalIndia,user_02180
_Malang_S2,user_02181
_SereneArtist_,user_02182
_SoMarcus,user_02183
___D_S_D___,user_02184
_allaboutesbi,user_02185
_baekhyun_JP,user_02186
_tomarch,user_02187
aBamako,user_02188
aSmoogl,user_02189
a_meluzzi,user_02190
aag_th,user_02191
abierkhatib,user_02192
abuasimazmi,user_02193
acetwtts,user_02194
achal_negi,user_02195
adafruit,user_02196
adafruit industries,user_02197
adagamov,user_02198
adekunleolopade,user_02199
adiarionic,user_02200
aheartkissedbyg,user_02201
aileenvl,user_02202
aimlapi,user_02203
airnews_ghy,user_02204
airnews_jaipur,user_02205
airnews_nagpur,user_02206
airnewsalerts,user_02207
ajaykohlimd,user_02208
aknk,user_02209
al_dovlo,user_02210
alakeoflagos,user_02211
albertfonse11j,user_02212
alex_paul_kelly,user_02213
alexjc,user_02214
algorithm.church,user_02215
algorithmchurch,user_02216
allen,user_02217
allen27410505,user_02218
allforjah52522,user_02219
alphalking,user_02220
alvinfoo,user_02221
amayu_ruriha,user_02222
ambchinetchad,user_02223
anajuun08,user_02224
andrew_akhiezer,user_02225
ani_digital,user_02226
ann | STELL ⭐,user_02227
annforstell,user_02228
annponntannnnn,user_02229
antgrasso,user_02230
anurradhaprasad,user_02231
aol_725,user_02232
apet_modella,user_02233
aqorda_press,user_02234
aqua,user_02235
aqua94636291,user_02236
arduino,user_02237
ariel. 🏴‍☠️,user_02238
arielGfalcon,user_02239
arielcoro,user_02240
arielmaceo86,user_02241
armbian,user_02242
aroraakshay2312,user_02243
arretsurimages,user_02244
astronautzerotv,user_02245
athayPak,user_02246
atinSulKud,user_02247
atletienglish,user_02248
aubreystrobel,user_02249
awwwards,user_02250
aya_velazquez,user_02251
baby111314,user_02252
baby_solanaX,user_02253
balance_japan,user_02254
banditos_el,user_02255
banini_hih,user_02256
barbarab1974,user_02257
bateson87,user_02258
bawnana 🍌,user_02259
bbcrussian,user_02260
bdsitalia,user_02261
beIN SPORTS,user_02262
beautyetukura,user_02263
bebuLalabs,user_02264
beinsports_FR,user_02265
bellerf20,user_02266
benedictrogers,user_02267
benq_antonio,user_02268
berryintheroom,user_02269
bexwright1,user_02270
bigHotbaby1,user_02271
billatnapier,user_02272
bitgetglobal,user_02273
blacktriangle1,user_02274
blaq_ghana,user_02275
blikkhu,user_02276
blogjavisfc,user_02277
blurredfrank,user_02278
bobbystroupe,user_02279
bookwyrm_18,user_02280
bravimabasta,user_02281
briansolis,user_02282
bsf_jammu,user_02283
bskitz 비스키츠,user_02284
bskitz_official,user_02285
buckleyplanet,user_02286
bunberrypie_,user_02287
bunni🐇,user_02288
byeon_dha,user_02289
byoblu,user_02290
cary_mock,user_02291
cce_iisc,user_02292
ceciliasala,user_02293
cem_oezdemir,user_02294
chh🍀,user_02295
chinafiles,user_02296
christogrozev,user_02297
chude__,user_02298
chyl 🖇️ usd comms open,user_02299
clcoding,user_02300
cmtrackernet,user_02301
cnxsoft,user_02302
coach_bald,user_02303
cotoacademy,user_02304
cpl_esbee19🍎,user_02305
cpulabs,user_02306
crossdabossike,user_02307
crypto_king34,user_02308
cryptomancc,user_02309
cubancitizen117,user_02310
cubanolibre48,user_02311
curtis17 FC 🏆(sarah),user_02312
d_adorkable_me,user_02313
dailydose_games,user_02314
dan81359,user_02315
daomaker,user_02316
darrello,user_02317
davis_kate54146,user_02318
ddkesports,user_02319
deepduttajourno,user_02320
dejanira,user_02321
dejanirasilveir,user_02322
designnominees,user_02323
devsanddorks,user_02324
dgwbirch,user_02325
digikey,user_02326
digitalhealth2,user_02327
dimsumdaily_hk,user_02328
dnu,user_02329
dorotero,user_02330
dottorbarbieri,user_02331
drb,user_02332
drissaniono,user_02333
droid_captain,user_02334
drruchibhatt,user_02335
duLaLigaHPC,user_02336
duh,user_02337
dw_russian,user_02338
e_l_l_e_28,user_02339
easportsfcbr,user_02340
easportsfcde,user_02341
easportsfces,user_02342
ebarenholtz,user_02343
eckoxsoldier,user_02344
econoflove,user_02345
edperonosheeran,user_02346
ekmtutor,user_02347
elay 🍥,user_02348
elayjah_15,user_02349
elizaaliorr,user_02350
elonmusk,user_02351
elvinmax,user_02352
emichan_happy,user_02353
emma6USA,user_02354
emmanuel_2m,user_02355
enako_cos,user_02356
epalgg,user_02357
eperea,user_02358
ernesto68236028,user_02359
erza_scarlex,user_02360
"esiπ²💢🍊,💊(Ø,G) | 𝔽rAI Tabi 'Noya'🌶️",user_02361
eteamdemiral,user_02362
ethanarnold,user_02363
euronews,user_02364
expo2025japan,user_02365
f1f7fc67da05435,user_02366
faytheirine,user_02367
fcbarcelona_br,user_02368
fdragoni,user_02369
federicoantoni,user_02370
femi_artesanal,user_02371
fermaravillo,user_02372
fernanda maravillo,user_02373
ferozwala,user_02374
fifa_romania,user_02375
findthestones,user_02376
fmanikhasan2,user_02377
fratotolo2,user_02378
futbol_fantasy,user_02379
g900ap,user_02380
gacha_333822,user_02381
gallinews,user_02382
gamemodfree.com,user_02383
gametropolitan,user_02384
gameyandere59,user_02385
geertjansloos,user_02386
geniusboywonder,user_02387
ghadifrancis,user_02388
giannis18_,user_02389
globaltaiwan,user_02390
globaltimesnews,user_02391
glukianoff,user_02392
goatmahomesqb1,user_02393
gp_pulipaka,user_02394
grace,user_02395
grande_flagello,user_02396
grattongirl,user_02397
gregorsun,user_02398
groovymono,user_02399
groupgetscom,user_02400
gulfgirling,user_02401
gwbps,user_02402
gwusigurcenter,user_02403
hackaday,user_02404
hamid_gade,user_02405
hamila_ila🐰,user_02406
hbtCHIEFS,user_02407
heatherzone,user_02408
hedleyrees,user_02409
hello,user_02410
hkairlines,user_02411
hkfp,user_02412
hkpoliceforce,user_02413
how bout those CHIEFS,user_02414
howardlake,user_02415
hsimon62,user_02416
https://mastodon.xyz/@mareklach,user_02417
hurricane_chase,user_02418
hzlnut_s,user_02419
i.HS toys,user_02420
iAnimate,user_02421
iAnimate Workshops,user_02422
iShandong,user_02423
i_Hstoys,user_02424
i_america_free,user_02425
iambyoonadeluke,user_02426
iamjodeep,user_02427
ians_india,user_02428
ifamericansknew,user_02429
iichyl,user_02430
iis21_ 🩵,user_02431
illbeback.ai - The AI job board,user_02432
illbeback_jobs,user_02433
imtheyouss,user_02434
indiaforums,user_02435
ingliguori,user_02436
ink7,user_02437
ink_cd,user_02438
instructables,user_02439
intocryptoverse,user_02440
intuslegens,user_02441
iogamess,user_02442
ipfconline,user_02443
ipfconline1,user_02444
itadaki_yasu,user_02445
italia1ag,user_02446
itsLaycon,user_02447
itsOmenFC,user_02448
its_The_Dr,user_02449
itskaplan,user_02450
itsmeback_,user_02451
itsroja_aurora,user_02452
ixashlxyy,user_02453
jack54039880,user_02454
jacopocoghe,user_02455
jagar001,user_02456
james_monaghan,user_02457
jamesdator_,user_02458
jamesvgingerich,user_02459
jamie cid,user_02460
jamie247,user_02461
jamiecid,user_02462
janet_chung,user_02463
japan,user_02464
japan_plays,user_02465
japanemb_kuwait,user_02466
japantimes,user_02467
javami_7chord,user_02468
javedakhtar90,user_02469
jawgemo,user_02470
jazmine_here,user_02471
jc_finley,user_02472
jea. 🌱,user_02473
jea。🌱,user_02474
jeffbullas,user_02475
jeffteper,user_02476
jfrog,user_02477
jindadlKashmir,user_02478
jiniineutron,user_02479
jjsquareacademy,user_02480
joannallillis,user_02481
joshcowenMI,user_02482
joyuwang,user_02483
jozefsamel4th,user_02484
jufujimaru,user_02485
jungchanwoo1326,user_02486
jvisserlabs,user_02487
kaiyabty,user_02488
"kallgukjju

팬 계정",user_02489
karunanundy,user_02490
kat_joycee,user_02491
katiecouric,user_02492
kato_641,user_02493
kc26,user_02494
kc_26,user_02495
kdnuggets,user_02496
keeyshii5,user_02497
keka,user_02498
kentinpalagi17,user_02499
khurpenchh,user_02500
kimcaryll_26,user_02501
kitkittykatkath,user_02502
kittyhawk 🇮🇱,user_02503
km19750526,user_02504
kolapo__o,user_02505
konate90,user_02506
kopite_sam,user_02507
krueh VGEN,user_02508
ktm_japan,user_02509
kyodo_english,user_02510
ladyonorato,user_02511
laliga4all,user_02512
laliga_3x3,user_02513
laligacademyuae,user_02514
lapcfutboleria,user_02515
larrykim,user_02516
laurenpat96,user_02517
lcrhsiao,user_02518
leandro_rhi,user_02519
leandroquerido,user_02520
lennylenaa,user_02521
leonidvolkov,user_02522
lespros_rinka,user_02523
lewdartgirl,user_02524
lexiosborne,user_02525
lfcfighter,user_02526
lfcgradyspage,user_02527
lfcmumble,user_02528
libijian2,user_02529
libijian李碧建,user_02530
lifewithchrisb,user_02531
limtyyteaa,user_02532
limtyy♡,user_02533
lionelbarber,user_02534
littlespark02,user_02535
livs_pins,user_02536
lizcoultersmith,user_02537
lojadomineiro,user_02538
lospaziolino,user_02539
lovyhrm,user_02540
lsferguson,user_02541
lukepazz,user_02542
lulalou1,user_02543
lulzbot3D,user_02544
luvH2H,user_02545
luvjiw_,user_02546
machinelearnflx,user_02547
madforfree,user_02548
mahaliMAICA21,user_02549
maker.io,user_02550
malivox,user_02551
mareklachauthor,user_02552
maria_avdv,user_02553
mariamarilucen,user_02554
mariatearnal,user_02555
marshawright,user_02556
mataonline,user_02557
max358japan,user_02558
maxkeiser,user_02559
mazrnow,user_02560
mcbeniwal,user_02561
mdancho84,user_02562
mecchaJP,user_02563
medanta,user_02564
medialab,user_02565
meebaobei1819,user_02566
meebaobei🌳,user_02567
meetdux,user_02568
meigan091,user_02569
melanie_korach,user_02570
memo akten,user_02571
memoakten,user_02572
mijailbonito,user_02573
mikbal - wishlist Buff Climbers & buy Rogue Bricks,user_02574
mikerezradio,user_02575
mikopeled,user_02576
milanotailor,user_02577
mitazono_desu,user_02578
mmpizonero,user_02579
mna_roc,user_02580
mncmoon,user_02581
modal_ai,user_02582
mogumo_miya,user_02583
momo_nakashima,user_02584
moon,user_02585
moon_g0ld,user_02586
mrmacaronii,user_02587
mv_jenkins,user_02588
mwherman2000,user_02589
mx_observa,user_02590
myh4r,user_02591
n e s s a 💜 Ი︵𐑼,user_02592
nAts__ss,user_02593
narcoinsfc,user_02594
natbrunell,user_02595
natekrueh,user_02596
natsuiromatsuri,user_02597
ndmaindia,user_02598
nengiofficial,user_02599
nevrekaraishwa2,user_02600
news_az,user_02601
newsgovhk,user_02602
newsibleasia,user_02603
newslaundry,user_02604
nickisnpdx,user_02605
nickschifrin,user_02606
nicolehm_,user_02607
nightbawnana,user_02608
nikkihayes,user_02609
northern_block,user_02610
nsbgamers12,user_02611
nurse_temmy,user_02612
officiallycyph,user_02613
officialsommy41,user_02614
ohazassu,user_02615
okilikecats,user_02616
olbapologist,user_02617
onlyuha,user_02618
onon0124,user_02619
ottolinatv,user_02620
oxm46_p,user_02621
ozilla_fc,user_02622
pakeconet,user_02623
palinfoen,user_02624
panpantama7,user_02625
panpantama7 ✨VGEN COMMS OPEN✨,user_02626
pascal_bornet,user_02627
patphelan,user_02628
patriciajaniot,user_02629
patriotacuban,user_02630
pbecchi,user_02631
peer_rich,user_02632
pharmsavi,user_02633
pierrick_picaut,user_02634
pinapic,user_02635
piyushpandey189,user_02636
pjampaganza,user_02637
planet11011,user_02638
plave_jp,user_02639
plefps,user_02640
portnikov,user_02641
pprxteam,user_02642
primacorndog,user_02643
primacorndog 🛡️🌽🌭,user_02644
protagkunist,user_02645
protagkunist 🍓🪼,user_02646
putamentelibre- FeminismoArtesanalneuroafirmación,user_02647
quase0800,user_02648
quasimondo,user_02649
qure_ai,user_02650
r_k_r,user_02651
raS2mi_,user_02652
radeksikorski,user_02653
radionews_jammu,user_02654
radioromait,user_02655
radioromanews,user_02656
rainmaker2333,user_02657
rainmaker23331,user_02658
rais_shk,user_02659
rajendrsrathore,user_02660
rami,user_02661
ranaqura_amino,user_02662
rancanoglenda7,user_02663
rarirurestn,user_02664
rasangarocks,user_02665
ravidugh,user_02666
realKyleKeegan,user_02667
real_amaka_mbah,user_02668
real_mercyeke,user_02669
realfromtheboat,user_02670
redamor_,user_02671
reds_senegal,user_02672
refuzebroke,user_02673
reinventedmag,user_02674
remvmer,user_02675
rhonababy,user_02676
rightsinrussia,user_02677
rijan44,user_02678
riyaz,user_02679
"riyaz
",user_02680
riyazulkhaliq,user_02681
rkr30906569,user_02682
rocamadur,user_02683
rom1_pellerin,user_02684
roro☆,user_02685
rosamaeyy12,user_02686
rosspower,user_02687
rracingclub_en,user_02688
rthk_enews,user_02689
rulajebreal,user_02690
rutasosabu,user_02691
sadeel,user_02692
sadsamrain,user_02693
saintlay_,user_02694
salahzhang,user_02695
samant_uday,user_02696
sami_oamen,user_02697
sammielord_,user_02698
samuelgil,user_02699
sandriaaaa54,user_02700
sandy_carter,user_02701
sansad_tv,user_02702
sarahrainsford,user_02703
sarebanx33,user_02704
saylor,user_02705
sboots,user_02706
scroll_in,user_02707
seal_feet_,user_02708
seeedstudio,user_02709
sejournal,user_02710
semrush,user_02711
sensicastillo,user_02712
serenedoodlez,user_02713
sergedanielinfo,user_02714
seriozha_s,user_02715
sersha2023,user_02716
sharonxmartin,user_02717
sheermusic_4a,user_02718
shelter_qwq,user_02719
shin,user_02720
shinichi0421,user_02721
shiziee ʚ 🍓ɞ,user_02722
shouta (中身は映画大好きな34のオッサンです) どうぞよろしくお願いいたします🙏,user_02723
shouta (中身は映画大好きな35のオッサンです) どうぞよろしくお願いいたします🙏🌼🐥☝,user_02724
shouta_2610,user_02725
shyu MOVED-ACCS!!,user_02726
shyu_jpeg,user_02727
sianetta,user_02728
sidsity,user_02729
sightmagazine,user_02730
sitne,user_02731
sitne40,user_02732
socialmedia2day,user_02733
soficrespo91,user_02734
sogaardreed,user_02735
sonu_monika,user_02736
sonytv,user_02737
sophieprimas,user_02738
sora_mocomaru,user_02739
sportingshina,user_02740
sportsrpge,user_02741
spwooqi,user_02742
stephsmithio,user_02743
strange_days_82,user_02744
sugimulm,user_02745
sukaolaf_,user_02746
sumsub,user_02747
superbpaulo,user_02748
susie_lastname,user_02749
svaradarajan,user_02750
swadeshkumar_,user_02751
sweet monday,user_02752
sweetmonamanjah,user_02753
sweetmonday2023,user_02754
swilkinsonbc,user_02755
taiwan_ita,user_02756
taiwandefense,user_02757
taiwanplusnews,user_02758
tara_riva,user_02759
tats_nijosh,user_02760
temigomez,user_02761
tendermiasma,user_02762
terry65919713,user_02763
thaitvnews,user_02764
"thaitvnews
",user_02765
theH2HGLOBAL,user_02766
the_amish_txtr,user_02767
the_hindu,user_02768
thecyrusjanssen,user_02769
thefield_in,user_02770
theinformant_x,user_02771
thekyliewinfrey,user_02772
themainichi,user_02773
theniyilawal,user_02774
therealDRFOG,user_02775
theserenadong,user_02776
tickleforsb19,user_02777
tiennegolf,user_02778
tim anderson,user_02779
timand2037,user_02780
timesofindia,user_02781
tolulopeoludapo,user_02782
tomfgoodwin,user_02783
tomgrundy,user_02784
trbouma,user_02785
ttzewo,user_02786
ttzewo (ㅇㅅㅇ🍥),user_02787
tunafishy,user_02788
tunguz,user_02789
turkmendagz,user_02790
tvbsworldtaiwan,user_02791
ukh_tami,user_02792
ultimate_kombo,user_02793
umangkumar43,user_02794
umyaznemo,user_02795
un poeta ahí,user_02796
unpoetaahi,user_02797
vBasura 🇺🇸,user_02798
valesports_emea,user_02799
valesportsbr,user_02800
valy_s,user_02801
van Kirstel #B2B #TechFluencer,user_02802
veeiye,user_02803
vellෆ | kinda ia,user_02804
venturetwins,user_02805
victoryyokokon,user_02806
vieuxmko,user_02807
vonderleyen,user_02808
vottak_tv,user_02809
windley,user_02810
wooqi,user_02811
xazalbert,user_02812
xevt - xhvt,user_02813
"xevt - xhvt

",user_02814
xevtfm,user_02815
xxpandafanda,user_02816
xxxmyS2,user_02817
ydazmagic,user_02818
yoanisanchez,user_02819
yokochin153604,user_02820
yosoyliborio,user_02821
youknowyyhhjj,user_02822
your_alien_,user_02823
yoyavers,user_02824
yukashitakashi,user_02825
yuyayanti_0823,user_02826
z,user_02827
zackfreedman,user_02828
zambry77,user_02829
zanaokay,user_02830
zanetalkssports,user_02831
zekkenVAL,user_02832
zenmagafrica,user_02833
zhang_heqing,user_02834
zlj517,user_02835
®️ey 👑,user_02836
°˖♡ 🌸Demi🌸♡ ˖°,user_02837
Æ-LEX,user_02838
ɪᴛʟᴏɢ ɴɪ ᴘᴀʙʟᴏ 🥚,user_02839
ɲeill adamsoɳ,user_02840
αкιяα ;༊,user_02841
Вот Так,user_02842
Голос Америки,user_02843
Грани.Ру,user_02844
Исторический музей,user_02845
ОВД-Инфо,user_02846
Радио Свобода,user_02847
Рустем Адагамов,user_02848
Фёдор Крашенинников/Fedor Krasheninnikov,user_02849
Черный Абдулла ♥️🇨🇦🇺🇦ЗА ПЕРЕМОГУ УКРАIНИ!,user_02850
ִ ࣪𖤐ITALIA🇵🇭🍎FOR SB19,user_02851
आकाशवाणी बातम्या नागपूर,user_02852
खुरपेंच,user_02853
डीडी न्यूज़,user_02854
मुंबई पोलीस - Mumbai Police,user_02855
ทันโลกกับThaiPBS,user_02856
"ทันโลกกับThaiPBS
",user_02857
༺ʟօʊ༻𝄟⃝🐥⭐,user_02858
ᴍʀ ᴅᴇᴅᴇ(ʟᴇɢɪᴏɴ).,user_02859
ᵃˡˡᶠᵒʳʲᵃʰ,user_02860
☂︎ ™︎,user_02861
★ AZUL ★,user_02862
♡ YOᑌᖇ ᔕᑭIᗪY Gᖴ ♡,user_02863
♡Serene♡,user_02864
♡𝘚𝘦𝘳𝘦𝘯𝘦♡,user_02865
♡𝘚𝘦𝘳𝘦𝘯𝘦♡ (11/21 🎂),user_02866
⚡️🌎 World News 🌐⚡️,user_02867
✨Thalia🗡🌿 | Echidna Vtuber | predebut ✨,user_02868
✿,user_02869
❖⚓CDInkArt ⚓❖,user_02870
『家政夫のミタゾノ』ドラマ公式アカウント,user_02871
あみ乃💯,user_02872
えなこ,user_02873
お見送り芸人しんいち🌈🌈🌈🌈🌈🌈🌈,user_02874
がちゃ🎨,user_02875
そら🐰💕株式投資とAIアート🌿✨1万フォロワー感謝❣️,user_02876
なっちゃんねる🍊個人Vtuber,user_02877
ぽきゅ澪🦙💚,user_02878
ゆってぃ,user_02879
エミちゃん 株式会社ハッピースマイル【公式】,user_02880
オーストラリア大使館 Australia in Japan,user_02881
ブラック企業の人事部長😈ジャバ美,user_02882
ブロックさん,user_02883
㎜,user_02884
中国驻加拿大大使馆 Chinese Embassy in Canada,user_02885
中國新聞社,user_02886
中國日報亞太,user_02887
"中國日報亞太
",user_02888
中島もも,user_02889
久間田琳加 オフィシャル,user_02890
人民日報  People's Daily,user_02891
"人民日報  People's Daily

",user_02892
僑務委員會 OCAC,user_02893
刘晓明Liu Xiaoming,user_02894
"國防部 Ministry of National Defense, ROC(Taiwan) 🇹🇼",user_02895
夏色まつり🏮1stアルバム受注開始！,user_02896
天癒 るりは🍀︎🕊,user_02897
曹 毅 CAO Yi أبو وسيم,user_02898
杉口秀樹（株式会社モーションアクター）,user_02899
桃瀬 ひめ,user_02900
桜田 華奈👼🏻🍒ライブ撮可【LOVEME】,user_02901
桜田ひよりスタッフ(公式),user_02902
波桜ユーヤfrom波鳳🌊🐧🌸,user_02903
猫咪爱吃蛋糕🍰,user_02904
百雲みや︎︎⛩専業個人VTuber,user_02905
節電,user_02906
美月ぴあの🩷💜🩵/Piano Mitsuki,user_02907
菊池 宇晃 （キクチ タカアキ）,user_02908
葵(𝐚𝐨𝐢)(8/12Zeppnagoyafeinarar,user_02909
葵(𝐚𝐨𝐢)(8/12Zeppnagoyaファイナリスト),user_02910
藤丸＠自由主義研究所【Japan Institute for Libertarianism】,user_02911
賴清德Lai Ching-te,user_02912
贝尔·路易斯🥀🐥👽⚡️🌱,user_02913
"軍聞社 Military News Agency, ROC(Taiwan)🇹🇼",user_02914
辻脇崇のHarmony of Japan 🇯🇵,user_02915
野中藍@ラリルれ,user_02916
駐日コソボ共和国大使館,user_02917
ꜱᴘᴇᴄɪᴀʟ⌖,user_02918
더로즈_The Rose,user_02919
사..,user_02920
짱이(ok~),user_02921
하트,user_02922
혜선박 🍎||🥀|| ♞⁷ || INJ ⁷- ³¹⁸❤️‍🔥,user_02923
𝐁𝐡𝐚𝐛𝐚𝐧𝐢 𝐒𝐚𝐧𝐤𝐚𝐫 𝐉𝐞𝐧𝐚 𝕏,user_02924
𝐂𝐇𝐈𝐌𝐌𝐈𝐄𝐄 👁️‍🗨️,user_02925
𝐃𝐑𝐀𝐍🇵🇭|🇳🇿|🇺🇸🍎🍓,user_02926
𝓑𝓮𝓮𝓝𝓪𝓿𝔂 𝓗𝓑𝓮𝓮𝓝𝓪𝓿𝔂 𝓗𝓠𝓠,user_02927
𝓛𝓸𝓵𝓪,user_02928
𝕮𝖍𝖊𝖎𝖈𝖐 𝕿𝖎𝖉𝖎𝖆𝖓𝖊 𝕯𝕴𝕬𝕽𝕽𝕬,user_02929
𝖌𝖆𝖒𝖊𝖙𝖗𝖔𝖕𝖔𝖑𝖎𝖙𝖆𝖓.𝖈𝖔𝖒,user_02930
𝖙𝖆𝖙𝖘-𝕶 🍢 | ~𝕾🍎𝖂~ |,user_02931
𝗖𝘂𝗯𝗮 𝗰𝗼𝗻 𝗛 𝗱𝗲 𝗢𝗿𝘁𝗼𝗴𝗿𝗮𝗳𝗶́𝗮,user_02932
𝗝e𝗵a🌴,user_02933
𝗿𝗮𝗺𝗶,user_02934
"𝙈𝙖𝙧𝙞𝙤 𝙈𝙤𝙧𝙖𝙮
",user_02935
𝙋𝙝𝙞𝙨𝙝𝘽𝙧𝙖𝙞𝙣𝙯🏳️‍⚧️ •🐟🍉,user_02936
𝙹𝙰𝙿𝙰𝙽,user_02937
𝙻𝚒𝚣 𝙲𝚘𝚞𝚕𝚝𝚎𝚛-𝚂𝚖𝚒𝚝𝚑 🇺🇦,user_02938
𝚜𝚊𝚍𝚒𝚔𝚑 🥷,user_02939
🅿️etty 🅱️lacho (6-6),user_02940
🅿️etty 🅱️lacho 5-5,user_02941
🇺🇸BellaLovesUSA🍊🇺🇸,user_02942
🇺🇸MERICA #1 🇺🇸 GOD✊ FAMILY✊COUNTRY✊🇺🇸,user_02943
🇺🇸SusyKool🇺🇸,user_02944
🇺🇸ULTRA MAGA 🇺🇸 GOD✊,user_02945
🌈🎪🦄RYO KATO |加藤諒 🦄🎪🌈,user_02946
🌙✧ Ashli​​e Chan ✦✉️🪽,user_02947
🌸 Seiko 🌸 VGEN open 🍥,user_02948
🌻 jazmine-here 🌻,user_02949
🌻Maria I. Puerta Riera,user_02950
🌿☮️ CRYPTOMANCC,user_02951
🌿𝕤𝕙𝕖𝕝𝕥𝕖𝕣 ૮꒰ ˶• ༝ •˶꒱ა 🌸 | comms open!,user_02952
🍀Yiyan「亦言」: トランペット🍀,user_02953
🍃ℒataratara..🍃,user_02954
🍎Just_Kri🍓,user_02955
🍎🍀⁵C'armella_SBJUAN9_INJ¹²⁸💛💙👑💗୧⍤⃝🍓୧⍤⃝🍢,user_02956
🍰,user_02957
🍳,user_02958
🐠🐳🐟🪼くらげ水族館🪼🐟🐋🐠,user_02959
🐺💙KittyKath 🍢🌭🍓🐥🌽,user_02960
💞 𝗦𝗵𝗲𝗲𝗻𝘀 💞,user_02961
💥𝐹𝓇𝑒𝒹𝑒𝓇𝒾𝒸𝓀 THE UNION 𝒟𝑜𝓊𝑔𝓁𝒶𝓈𝓈💥,user_02962
📢Ofertão Aleatório,user_02963
"📢diz-que-diz
",user_02964
📽️ Red Tribe Cinema,user_02965
🔥 Matt Dancho (Business Science) 🔥,user_02966
🔥🗞The Informant,user_02967
🕊Recess Awareness🌎🌍🌏🌱🛝🏖️ 🌞Peace to all🕊️,user_02968
🖤Doc the succubus🐮,user_02969
🗣🎙‼️,user_02970
🥛,user_02971
🥱 Sleepy (ML/DL),user_02972
🦋shelly 🦋,user_02973
